This is an error log file of the game server.
You may use like `tail -f KKUTU_ERROR.log` to watch this.
:8496 [2025. 11. 26. 오전 12:51:01] ERROR: TypeError: Cannot read properties of undefined (reading 'mean')
TypeError: Cannot read properties of undefined (reading 'mean')
    at approved (C:\myKKuTu\KKuTu-master\Server\lib\Game\games\classic.js:251:17)
    at C:\myKKuTu\KKuTu-master\Server\lib\Game\games\classic.js:268:12
    at exports.Tail.go (C:\myKKuTu\KKuTu-master\Server\lib\sub\lizard.js:43:16)
    at C:\myKKuTu\KKuTu-master\Server\lib\Game\games\classic.js:496:11
    at callback (C:\myKKuTu\KKuTu-master\Server\lib\sub\collection.js:316:13)
    at Query.preCB (C:\myKKuTu\KKuTu-master\Server\lib\sub\collection.js:298:6)
    at Query.handleReadyForQuery (C:\myKKuTu\KKuTu-master\Server\lib\node_modules\pg\lib\query.js:138:12)
    at Client._handleReadyForQuery (C:\myKKuTu\KKuTu-master\Server\lib\node_modules\pg\lib\client.js:290:19)
    at Connection.emit (node:events:518:28)
    at C:\myKKuTu\KKuTu-master\Server\lib\node_modules\pg\lib\connection.js:114:12:8496 [2025. 12. 5. 오후 12:52:27] ERROR: TypeError: Cannot read properties of undefined (reading 'includes')
TypeError: Cannot read properties of undefined (reading 'includes')
    at C:\myKKuTu\KKuTu-master\Server\lib\Game\games\daneo.js:251:71
    at Array.filter (<anonymous>)
    at C:\myKKuTu\KKuTu-master\Server\lib\Game\games\daneo.js:250:17
    at exports.Tail.go (C:\myKKuTu\KKuTu-master\Server\lib\sub\lizard.js:43:16)
    at aft (C:\myKKuTu\KKuTu-master\Server\lib\Game\games\daneo.js:338:7)
    at callback (C:\myKKuTu\KKuTu-master\Server\lib\sub\collection.js:316:13)
    at Query.preCB (C:\myKKuTu\KKuTu-master\Server\lib\sub\collection.js:298:6)
    at Query.handleReadyForQuery (C:\myKKuTu\KKuTu-master\Server\lib\node_modules\pg\lib\query.js:138:12)
    at Client._handleReadyForQuery (C:\myKKuTu\KKuTu-master\Server\lib\node_modules\pg\lib\client.js:290:19)
    at Connection.emit (node:events:518:28):8496 [2025. 12. 5. 오후 12:53:13] ERROR: TypeError: Cannot read properties of undefined (reading 'includes')
TypeError: Cannot read properties of undefined (reading 'includes')
    at C:\myKKuTu\KKuTu-master\Server\lib\Game\games\daneo.js:251:71
    at Array.filter (<anonymous>)
    at C:\myKKuTu\KKuTu-master\Server\lib\Game\games\daneo.js:250:17
    at exports.Tail.go (C:\myKKuTu\KKuTu-master\Server\lib\sub\lizard.js:43:16)
    at aft (C:\myKKuTu\KKuTu-master\Server\lib\Game\games\daneo.js:338:7)
    at callback (C:\myKKuTu\KKuTu-master\Server\lib\sub\collection.js:316:13)
    at Query.preCB (C:\myKKuTu\KKuTu-master\Server\lib\sub\collection.js:298:6)
    at Query.handleReadyForQuery (C:\myKKuTu\KKuTu-master\Server\lib\node_modules\pg\lib\query.js:138:12)
    at Client._handleReadyForQuery (C:\myKKuTu\KKuTu-master\Server\lib\node_modules\pg\lib\client.js:290:19)
    at Connection.emit (node:events:518:28):8496 [2025. 12. 5. 오후 4:03:40] ERROR: Error: Cannot find module './games/free'
Require stack:
- C:\myKKuTu\KKuTu-master\Server\lib\Game\kkutu.js
- C:\myKKuTu\KKuTu-master\Server\lib\Game\master.js
- C:\myKKuTu\KKuTu-master\Server\lib\Game\slave.js
- C:\myKKuTu\KKuTu-master\Server\lib\Game\cluster.js
Error: Cannot find module './games/free'
Require stack:
- C:\myKKuTu\KKuTu-master\Server\lib\Game\kkutu.js
- C:\myKKuTu\KKuTu-master\Server\lib\Game\master.js
- C:\myKKuTu\KKuTu-master\Server\lib\Game\slave.js
- C:\myKKuTu\KKuTu-master\Server\lib\Game\cluster.js
    at Function._resolveFilename (node:internal/modules/cjs/loader:1401:15)
    at defaultResolveImpl (node:internal/modules/cjs/loader:1057:19)
    at resolveForCJSWithHooks (node:internal/modules/cjs/loader:1062:22)
    at Function._load (node:internal/modules/cjs/loader:1211:37)
    at TracingChannel.traceSync (node:diagnostics_channel:322:14)
    at wrapModuleLoad (node:internal/modules/cjs/loader:235:24)
    at Module.require (node:internal/modules/cjs/loader:1487:12)
    at require (node:internal/modules/helpers:135:16)
    at exports.init (C:\myKKuTu\KKuTu-master\Server\lib\Game\kkutu.js:61:13)
    at MainDB.ready (C:\myKKuTu\KKuTu-master\Server\lib\Game\slave.js:103:8):8496 [2025. 12. 5. 오후 4:03:50] ERROR: Error: Cannot find module './games/free'
Require stack:
- C:\myKKuTu\KKuTu-master\Server\lib\Game\kkutu.js
- C:\myKKuTu\KKuTu-master\Server\lib\Game\master.js
- C:\myKKuTu\KKuTu-master\Server\lib\Game\slave.js
- C:\myKKuTu\KKuTu-master\Server\lib\Game\cluster.js
Error: Cannot find module './games/free'
Require stack:
- C:\myKKuTu\KKuTu-master\Server\lib\Game\kkutu.js
- C:\myKKuTu\KKuTu-master\Server\lib\Game\master.js
- C:\myKKuTu\KKuTu-master\Server\lib\Game\slave.js
- C:\myKKuTu\KKuTu-master\Server\lib\Game\cluster.js
    at Function._resolveFilename (node:internal/modules/cjs/loader:1401:15)
    at defaultResolveImpl (node:internal/modules/cjs/loader:1057:19)
    at resolveForCJSWithHooks (node:internal/modules/cjs/loader:1062:22)
    at Function._load (node:internal/modules/cjs/loader:1211:37)
    at TracingChannel.traceSync (node:diagnostics_channel:322:14)
    at wrapModuleLoad (node:internal/modules/cjs/loader:235:24)
    at Module.require (node:internal/modules/cjs/loader:1487:12)
    at require (node:internal/modules/helpers:135:16)
    at exports.init (C:\myKKuTu\KKuTu-master\Server\lib\Game\kkutu.js:61:13)
    at MainDB.ready (C:\myKKuTu\KKuTu-master\Server\lib\Game\slave.js:103:8):8496 [2025. 12. 5. 오후 4:04:01] ERROR: Error: Cannot find module './games/free'
Require stack:
- C:\myKKuTu\KKuTu-master\Server\lib\Game\kkutu.js
- C:\myKKuTu\KKuTu-master\Server\lib\Game\master.js
- C:\myKKuTu\KKuTu-master\Server\lib\Game\slave.js
- C:\myKKuTu\KKuTu-master\Server\lib\Game\cluster.js
Error: Cannot find module './games/free'
Require stack:
- C:\myKKuTu\KKuTu-master\Server\lib\Game\kkutu.js
- C:\myKKuTu\KKuTu-master\Server\lib\Game\master.js
- C:\myKKuTu\KKuTu-master\Server\lib\Game\slave.js
- C:\myKKuTu\KKuTu-master\Server\lib\Game\cluster.js
    at Function._resolveFilename (node:internal/modules/cjs/loader:1401:15)
    at defaultResolveImpl (node:internal/modules/cjs/loader:1057:19)
    at resolveForCJSWithHooks (node:internal/modules/cjs/loader:1062:22)
    at Function._load (node:internal/modules/cjs/loader:1211:37)
    at TracingChannel.traceSync (node:diagnostics_channel:322:14)
    at wrapModuleLoad (node:internal/modules/cjs/loader:235:24)
    at Module.require (node:internal/modules/cjs/loader:1487:12)
    at require (node:internal/modules/helpers:135:16)
    at exports.init (C:\myKKuTu\KKuTu-master\Server\lib\Game\kkutu.js:61:13)
    at MainDB.ready (C:\myKKuTu\KKuTu-master\Server\lib\Game\slave.js:103:8):8496 [2025. 12. 5. 오후 4:04:11] ERROR: Error: Cannot find module './games/free'
Require stack:
- C:\myKKuTu\KKuTu-master\Server\lib\Game\kkutu.js
- C:\myKKuTu\KKuTu-master\Server\lib\Game\master.js
- C:\myKKuTu\KKuTu-master\Server\lib\Game\slave.js
- C:\myKKuTu\KKuTu-master\Server\lib\Game\cluster.js
Error: Cannot find module './games/free'
Require stack:
- C:\myKKuTu\KKuTu-master\Server\lib\Game\kkutu.js
- C:\myKKuTu\KKuTu-master\Server\lib\Game\master.js
- C:\myKKuTu\KKuTu-master\Server\lib\Game\slave.js
- C:\myKKuTu\KKuTu-master\Server\lib\Game\cluster.js
    at Function._resolveFilename (node:internal/modules/cjs/loader:1401:15)
    at defaultResolveImpl (node:internal/modules/cjs/loader:1057:19)
    at resolveForCJSWithHooks (node:internal/modules/cjs/loader:1062:22)
    at Function._load (node:internal/modules/cjs/loader:1211:37)
    at TracingChannel.traceSync (node:diagnostics_channel:322:14)
    at wrapModuleLoad (node:internal/modules/cjs/loader:235:24)
    at Module.require (node:internal/modules/cjs/loader:1487:12)
    at require (node:internal/modules/helpers:135:16)
    at exports.init (C:\myKKuTu\KKuTu-master\Server\lib\Game\kkutu.js:61:13)
    at MainDB.ready (C:\myKKuTu\KKuTu-master\Server\lib\Game\slave.js:103:8):8496 [2025. 12. 5. 오후 4:04:21] ERROR: Error: Cannot find module './games/free'
Require stack:
- C:\myKKuTu\KKuTu-master\Server\lib\Game\kkutu.js
- C:\myKKuTu\KKuTu-master\Server\lib\Game\master.js
- C:\myKKuTu\KKuTu-master\Server\lib\Game\slave.js
- C:\myKKuTu\KKuTu-master\Server\lib\Game\cluster.js
Error: Cannot find module './games/free'
Require stack:
- C:\myKKuTu\KKuTu-master\Server\lib\Game\kkutu.js
- C:\myKKuTu\KKuTu-master\Server\lib\Game\master.js
- C:\myKKuTu\KKuTu-master\Server\lib\Game\slave.js
- C:\myKKuTu\KKuTu-master\Server\lib\Game\cluster.js
    at Function._resolveFilename (node:internal/modules/cjs/loader:1401:15)
    at defaultResolveImpl (node:internal/modules/cjs/loader:1057:19)
    at resolveForCJSWithHooks (node:internal/modules/cjs/loader:1062:22)
    at Function._load (node:internal/modules/cjs/loader:1211:37)
    at TracingChannel.traceSync (node:diagnostics_channel:322:14)
    at wrapModuleLoad (node:internal/modules/cjs/loader:235:24)
    at Module.require (node:internal/modules/cjs/loader:1487:12)
    at require (node:internal/modules/helpers:135:16)
    at exports.init (C:\myKKuTu\KKuTu-master\Server\lib\Game\kkutu.js:61:13)
    at MainDB.ready (C:\myKKuTu\KKuTu-master\Server\lib\Game\slave.js:103:8):8496 [2025. 12. 5. 오후 4:04:32] ERROR: Error: Cannot find module './games/free'
Require stack:
- C:\myKKuTu\KKuTu-master\Server\lib\Game\kkutu.js
- C:\myKKuTu\KKuTu-master\Server\lib\Game\master.js
- C:\myKKuTu\KKuTu-master\Server\lib\Game\slave.js
- C:\myKKuTu\KKuTu-master\Server\lib\Game\cluster.js
Error: Cannot find module './games/free'
Require stack:
- C:\myKKuTu\KKuTu-master\Server\lib\Game\kkutu.js
- C:\myKKuTu\KKuTu-master\Server\lib\Game\master.js
- C:\myKKuTu\KKuTu-master\Server\lib\Game\slave.js
- C:\myKKuTu\KKuTu-master\Server\lib\Game\cluster.js
    at Function._resolveFilename (node:internal/modules/cjs/loader:1401:15)
    at defaultResolveImpl (node:internal/modules/cjs/loader:1057:19)
    at resolveForCJSWithHooks (node:internal/modules/cjs/loader:1062:22)
    at Function._load (node:internal/modules/cjs/loader:1211:37)
    at TracingChannel.traceSync (node:diagnostics_channel:322:14)
    at wrapModuleLoad (node:internal/modules/cjs/loader:235:24)
    at Module.require (node:internal/modules/cjs/loader:1487:12)
    at require (node:internal/modules/helpers:135:16)
    at exports.init (C:\myKKuTu\KKuTu-master\Server\lib\Game\kkutu.js:61:13)
    at MainDB.ready (C:\myKKuTu\KKuTu-master\Server\lib\Game\slave.js:103:8):8496 [2025. 12. 5. 오후 4:04:42] ERROR: Error: Cannot find module './games/free'
Require stack:
- C:\myKKuTu\KKuTu-master\Server\lib\Game\kkutu.js
- C:\myKKuTu\KKuTu-master\Server\lib\Game\master.js
- C:\myKKuTu\KKuTu-master\Server\lib\Game\slave.js
- C:\myKKuTu\KKuTu-master\Server\lib\Game\cluster.js
Error: Cannot find module './games/free'
Require stack:
- C:\myKKuTu\KKuTu-master\Server\lib\Game\kkutu.js
- C:\myKKuTu\KKuTu-master\Server\lib\Game\master.js
- C:\myKKuTu\KKuTu-master\Server\lib\Game\slave.js
- C:\myKKuTu\KKuTu-master\Server\lib\Game\cluster.js
    at Function._resolveFilename (node:internal/modules/cjs/loader:1401:15)
    at defaultResolveImpl (node:internal/modules/cjs/loader:1057:19)
    at resolveForCJSWithHooks (node:internal/modules/cjs/loader:1062:22)
    at Function._load (node:internal/modules/cjs/loader:1211:37)
    at TracingChannel.traceSync (node:diagnostics_channel:322:14)
    at wrapModuleLoad (node:internal/modules/cjs/loader:235:24)
    at Module.require (node:internal/modules/cjs/loader:1487:12)
    at require (node:internal/modules/helpers:135:16)
    at exports.init (C:\myKKuTu\KKuTu-master\Server\lib\Game\kkutu.js:61:13)
    at MainDB.ready (C:\myKKuTu\KKuTu-master\Server\lib\Game\slave.js:103:8):8496 [2025. 12. 5. 오후 4:04:53] ERROR: Error: Cannot find module './games/free'
Require stack:
- C:\myKKuTu\KKuTu-master\Server\lib\Game\kkutu.js
- C:\myKKuTu\KKuTu-master\Server\lib\Game\master.js
- C:\myKKuTu\KKuTu-master\Server\lib\Game\slave.js
- C:\myKKuTu\KKuTu-master\Server\lib\Game\cluster.js
Error: Cannot find module './games/free'
Require stack:
- C:\myKKuTu\KKuTu-master\Server\lib\Game\kkutu.js
- C:\myKKuTu\KKuTu-master\Server\lib\Game\master.js
- C:\myKKuTu\KKuTu-master\Server\lib\Game\slave.js
- C:\myKKuTu\KKuTu-master\Server\lib\Game\cluster.js
    at Function._resolveFilename (node:internal/modules/cjs/loader:1401:15)
    at defaultResolveImpl (node:internal/modules/cjs/loader:1057:19)
    at resolveForCJSWithHooks (node:internal/modules/cjs/loader:1062:22)
    at Function._load (node:internal/modules/cjs/loader:1211:37)
    at TracingChannel.traceSync (node:diagnostics_channel:322:14)
    at wrapModuleLoad (node:internal/modules/cjs/loader:235:24)
    at Module.require (node:internal/modules/cjs/loader:1487:12)
    at require (node:internal/modules/helpers:135:16)
    at exports.init (C:\myKKuTu\KKuTu-master\Server\lib\Game\kkutu.js:61:13)
    at MainDB.ready (C:\myKKuTu\KKuTu-master\Server\lib\Game\slave.js:103:8):8496 [2025. 12. 5. 오후 4:05:03] ERROR: Error: Cannot find module './games/free'
Require stack:
- C:\myKKuTu\KKuTu-master\Server\lib\Game\kkutu.js
- C:\myKKuTu\KKuTu-master\Server\lib\Game\master.js
- C:\myKKuTu\KKuTu-master\Server\lib\Game\slave.js
- C:\myKKuTu\KKuTu-master\Server\lib\Game\cluster.js
Error: Cannot find module './games/free'
Require stack:
- C:\myKKuTu\KKuTu-master\Server\lib\Game\kkutu.js
- C:\myKKuTu\KKuTu-master\Server\lib\Game\master.js
- C:\myKKuTu\KKuTu-master\Server\lib\Game\slave.js
- C:\myKKuTu\KKuTu-master\Server\lib\Game\cluster.js
    at Function._resolveFilename (node:internal/modules/cjs/loader:1401:15)
    at defaultResolveImpl (node:internal/modules/cjs/loader:1057:19)
    at resolveForCJSWithHooks (node:internal/modules/cjs/loader:1062:22)
    at Function._load (node:internal/modules/cjs/loader:1211:37)
    at TracingChannel.traceSync (node:diagnostics_channel:322:14)
    at wrapModuleLoad (node:internal/modules/cjs/loader:235:24)
    at Module.require (node:internal/modules/cjs/loader:1487:12)
    at require (node:internal/modules/helpers:135:16)
    at exports.init (C:\myKKuTu\KKuTu-master\Server\lib\Game\kkutu.js:61:13)
    at MainDB.ready (C:\myKKuTu\KKuTu-master\Server\lib\Game\slave.js:103:8):8496 [2025. 12. 5. 오후 4:05:14] ERROR: Error: Cannot find module './games/free'
Require stack:
- C:\myKKuTu\KKuTu-master\Server\lib\Game\kkutu.js
- C:\myKKuTu\KKuTu-master\Server\lib\Game\master.js
- C:\myKKuTu\KKuTu-master\Server\lib\Game\slave.js
- C:\myKKuTu\KKuTu-master\Server\lib\Game\cluster.js
Error: Cannot find module './games/free'
Require stack:
- C:\myKKuTu\KKuTu-master\Server\lib\Game\kkutu.js
- C:\myKKuTu\KKuTu-master\Server\lib\Game\master.js
- C:\myKKuTu\KKuTu-master\Server\lib\Game\slave.js
- C:\myKKuTu\KKuTu-master\Server\lib\Game\cluster.js
    at Function._resolveFilename (node:internal/modules/cjs/loader:1401:15)
    at defaultResolveImpl (node:internal/modules/cjs/loader:1057:19)
    at resolveForCJSWithHooks (node:internal/modules/cjs/loader:1062:22)
    at Function._load (node:internal/modules/cjs/loader:1211:37)
    at TracingChannel.traceSync (node:diagnostics_channel:322:14)
    at wrapModuleLoad (node:internal/modules/cjs/loader:235:24)
    at Module.require (node:internal/modules/cjs/loader:1487:12)
    at require (node:internal/modules/helpers:135:16)
    at exports.init (C:\myKKuTu\KKuTu-master\Server\lib\Game\kkutu.js:61:13)
    at MainDB.ready (C:\myKKuTu\KKuTu-master\Server\lib\Game\slave.js:103:8):8496 [2025. 12. 5. 오후 4:05:24] ERROR: Error: Cannot find module './games/free'
Require stack:
- C:\myKKuTu\KKuTu-master\Server\lib\Game\kkutu.js
- C:\myKKuTu\KKuTu-master\Server\lib\Game\master.js
- C:\myKKuTu\KKuTu-master\Server\lib\Game\slave.js
- C:\myKKuTu\KKuTu-master\Server\lib\Game\cluster.js
Error: Cannot find module './games/free'
Require stack:
- C:\myKKuTu\KKuTu-master\Server\lib\Game\kkutu.js
- C:\myKKuTu\KKuTu-master\Server\lib\Game\master.js
- C:\myKKuTu\KKuTu-master\Server\lib\Game\slave.js
- C:\myKKuTu\KKuTu-master\Server\lib\Game\cluster.js
    at Function._resolveFilename (node:internal/modules/cjs/loader:1401:15)
    at defaultResolveImpl (node:internal/modules/cjs/loader:1057:19)
    at resolveForCJSWithHooks (node:internal/modules/cjs/loader:1062:22)
    at Function._load (node:internal/modules/cjs/loader:1211:37)
    at TracingChannel.traceSync (node:diagnostics_channel:322:14)
    at wrapModuleLoad (node:internal/modules/cjs/loader:235:24)
    at Module.require (node:internal/modules/cjs/loader:1487:12)
    at require (node:internal/modules/helpers:135:16)
    at exports.init (C:\myKKuTu\KKuTu-master\Server\lib\Game\kkutu.js:61:13)
    at MainDB.ready (C:\myKKuTu\KKuTu-master\Server\lib\Game\slave.js:103:8):8496 [2025. 12. 5. 오후 10:52:13] ERROR: TypeError: my.playRobot is not a function
TypeError: my.playRobot is not a function
    at C:\myKKuTu\KKuTu-master\Server\lib\Game\games\typing.js:110:19
    at exports.Room.traverse (C:\myKKuTu\KKuTu-master\Server\lib\Game\games\typing.js:43:3)
    at exports.turnStart (C:\myKKuTu\KKuTu-master\Server\lib\Game\games\typing.js:105:11)
    at my.route.my.routeSync (C:\myKKuTu\KKuTu-master\Server\lib\Game\kkutu.js:1444:13)
    at my.turnStart [as _onTimeout] (C:\myKKuTu\KKuTu-master\Server\lib\Game\kkutu.js:1378:13)
    at listOnTimeout (node:internal/timers:588:17)
    at process.processTimers (node:internal/timers:523:7):8496 [2025. 12. 5. 오후 10:52:49] ERROR: TypeError: my.playRobot is not a function
TypeError: my.playRobot is not a function
    at C:\myKKuTu\KKuTu-master\Server\lib\Game\games\typing.js:110:19
    at exports.Room.traverse (C:\myKKuTu\KKuTu-master\Server\lib\Game\games\typing.js:43:3)
    at exports.turnStart (C:\myKKuTu\KKuTu-master\Server\lib\Game\games\typing.js:105:11)
    at my.route.my.routeSync (C:\myKKuTu\KKuTu-master\Server\lib\Game\kkutu.js:1444:13)
    at my.turnStart [as _onTimeout] (C:\myKKuTu\KKuTu-master\Server\lib\Game\kkutu.js:1378:13)
    at listOnTimeout (node:internal/timers:588:17)
    at process.processTimers (node:internal/timers:523:7):8496 [2025. 12. 5. 오후 11:09:48] ERROR: TypeError: Cannot read properties of undefined (reading '77')
TypeError: Cannot read properties of undefined (reading '77')
    at exports.submit (C:\myKKuTu\KKuTu-master\Server\lib\Game\games\typing.js:143:19)
    at my.route.my.routeSync (C:\myKKuTu\KKuTu-master\Server\lib\Game\kkutu.js:1444:13)
    at my.submit (C:\myKKuTu\KKuTu-master\Server\lib\Game\kkutu.js:1413:13)
    at Timeout._onTimeout (C:\myKKuTu\KKuTu-master\Server\lib\Game\games\typing.js:226:6)
    at listOnTimeout (node:internal/timers:588:17)
    at process.processTimers (node:internal/timers:523:7):8496 [2025. 12. 5. 오후 11:09:48] ERROR: TypeError: Cannot read properties of undefined (reading '77')
TypeError: Cannot read properties of undefined (reading '77')
    at exports.submit (C:\myKKuTu\KKuTu-master\Server\lib\Game\games\typing.js:143:19)
    at my.route.my.routeSync (C:\myKKuTu\KKuTu-master\Server\lib\Game\kkutu.js:1444:13)
    at my.submit (C:\myKKuTu\KKuTu-master\Server\lib\Game\kkutu.js:1413:13)
    at Timeout._onTimeout (C:\myKKuTu\KKuTu-master\Server\lib\Game\games\typing.js:226:6)
    at listOnTimeout (node:internal/timers:588:17)
    at process.processTimers (node:internal/timers:523:7):8496 [2025. 12. 5. 오후 11:09:48] ERROR: TypeError: Cannot read properties of undefined (reading '77')
TypeError: Cannot read properties of undefined (reading '77')
    at exports.submit (C:\myKKuTu\KKuTu-master\Server\lib\Game\games\typing.js:143:19)
    at my.route.my.routeSync (C:\myKKuTu\KKuTu-master\Server\lib\Game\kkutu.js:1444:13)
    at my.submit (C:\myKKuTu\KKuTu-master\Server\lib\Game\kkutu.js:1413:13)
    at Timeout._onTimeout (C:\myKKuTu\KKuTu-master\Server\lib\Game\games\typing.js:226:6)
    at listOnTimeout (node:internal/timers:588:17)
    at process.processTimers (node:internal/timers:523:7):8496 [2025. 12. 5. 오후 11:11:57] ERROR: TypeError: Cannot read properties of undefined (reading '15')
TypeError: Cannot read properties of undefined (reading '15')
    at exports.submit (C:\myKKuTu\KKuTu-master\Server\lib\Game\games\typing.js:143:19)
    at my.route.my.routeSync (C:\myKKuTu\KKuTu-master\Server\lib\Game\kkutu.js:1444:13)
    at my.submit (C:\myKKuTu\KKuTu-master\Server\lib\Game\kkutu.js:1413:13)
    at Timeout._onTimeout (C:\myKKuTu\KKuTu-master\Server\lib\Game\games\typing.js:226:6)
    at listOnTimeout (node:internal/timers:588:17)
    at process.processTimers (node:internal/timers:523:7):8496 [2025. 12. 5. 오후 11:11:57] ERROR: TypeError: Cannot read properties of undefined (reading '15')
TypeError: Cannot read properties of undefined (reading '15')
    at exports.submit (C:\myKKuTu\KKuTu-master\Server\lib\Game\games\typing.js:143:19)
    at my.route.my.routeSync (C:\myKKuTu\KKuTu-master\Server\lib\Game\kkutu.js:1444:13)
    at my.submit (C:\myKKuTu\KKuTu-master\Server\lib\Game\kkutu.js:1413:13)
    at Timeout._onTimeout (C:\myKKuTu\KKuTu-master\Server\lib\Game\games\typing.js:226:6)
    at listOnTimeout (node:internal/timers:588:17)
    at process.processTimers (node:internal/timers:523:7):8496 [2025. 12. 5. 오후 11:11:57] ERROR: TypeError: Cannot read properties of undefined (reading '15')
TypeError: Cannot read properties of undefined (reading '15')
    at exports.submit (C:\myKKuTu\KKuTu-master\Server\lib\Game\games\typing.js:143:19)
    at my.route.my.routeSync (C:\myKKuTu\KKuTu-master\Server\lib\Game\kkutu.js:1444:13)
    at my.submit (C:\myKKuTu\KKuTu-master\Server\lib\Game\kkutu.js:1413:13)
    at Timeout._onTimeout (C:\myKKuTu\KKuTu-master\Server\lib\Game\games\typing.js:226:6)
    at listOnTimeout (node:internal/timers:588:17)
    at process.processTimers (node:internal/timers:523:7):8496 [2025. 12. 7. 오전 4:03:32] ERROR: TypeError: Cannot read properties of undefined (reading '$not')
TypeError: Cannot read properties of undefined (reading '$not')
    at wSearch (C:\myKKuTu\KKuTu-master\Server\lib\sub\collection.js:132:18)
    at Array.map (<anonymous>)
    at sqlWhere (C:\myKKuTu\KKuTu-master\Server\lib\sub\collection.js:147:11)
    at pointer.on (C:\myKKuTu\KKuTu-master\Server\lib\sub\collection.js:324:40)
    at C:\myKKuTu\KKuTu-master\Server\lib\Game\games\classic.js:63:59
    at new Promise (<anonymous>)
    at getAttackChars (C:\myKKuTu\KKuTu-master\Server\lib\Game\games\classic.js:40:9)
    at C:\myKKuTu\KKuTu-master\Server\lib\Game\games\classic.js:858:6
    at exports.Tail.go (C:\myKKuTu\KKuTu-master\Server\lib\sub\lizard.js:43:16)
    at aft (C:\myKKuTu\KKuTu-master\Server\lib\Game\games\classic.js:1140:8):8496 [2025. 12. 7. 오전 4:05:17] ERROR: ReferenceError: isKKT is not defined
ReferenceError: isKKT is not defined
    at C:\myKKuTu\KKuTu-master\Server\lib\Game\games\classic.js:881:7
    at process.processTicksAndRejections (node:internal/process/task_queues:105:5):8496 [2025. 12. 7. 오후 12:50:30] ERROR: TypeError: Cannot read properties of undefined (reading 'length')
TypeError: Cannot read properties of undefined (reading 'length')
    at C:\myKKuTu\KKuTu-master\Server\lib\Game\games\classic.js:1071:25
    at process.processTicksAndRejections (node:internal/process/task_queues:105:5):8496 [2025. 12. 7. 오후 1:13:50] ERROR: TypeError: Cannot read properties of undefined (reading 'length')
TypeError: Cannot read properties of undefined (reading 'length')
    at C:\myKKuTu\KKuTu-master\Server\lib\Game\games\classic.js:1061:67
    at callback (C:\myKKuTu\KKuTu-master\Server\lib\sub\collection.js:316:13)
    at Query.preCB (C:\myKKuTu\KKuTu-master\Server\lib\sub\collection.js:298:6)
    at Query.handleReadyForQuery (C:\myKKuTu\KKuTu-master\Server\lib\node_modules\pg\lib\query.js:138:12)
    at Client._handleReadyForQuery (C:\myKKuTu\KKuTu-master\Server\lib\node_modules\pg\lib\client.js:290:19)
    at Connection.emit (node:events:518:28)
    at C:\myKKuTu\KKuTu-master\Server\lib\node_modules\pg\lib\connection.js:114:12
    at Parser.parse (C:\myKKuTu\KKuTu-master\Server\lib\node_modules\pg-protocol\dist\parser.js:40:17)
    at Socket.<anonymous> (C:\myKKuTu\KKuTu-master\Server\lib\node_modules\pg-protocol\dist\index.js:11:42)
    at Socket.emit (node:events:518:28):8496 [2025. 12. 12. 오전 3:03:51] ERROR: TypeError: DB.kkutu_stats.find(...).where is not a function
TypeError: DB.kkutu_stats.find(...).where is not a function
    at C:\myKKuTu\KKuTu-master\Server\lib\Game\games\classic.js:613:54
    at new Promise (<anonymous>)
    at C:\myKKuTu\KKuTu-master\Server\lib\Game\games\classic.js:609:14
    at new Promise (<anonymous>)
    at getAttackChars (C:\myKKuTu\KKuTu-master\Server\lib\Game\games\classic.js:580:10)
    at C:\myKKuTu\KKuTu-master\Server\lib\Game\games\classic.js:1067:6
    at exports.Tail.go (C:\myKKuTu\KKuTu-master\Server\lib\sub\lizard.js:43:16)
    at aft (C:\myKKuTu\KKuTu-master\Server\lib\Game\games\classic.js:1476:8)
    at C:\myKKuTu\KKuTu-master\Server\lib\Game\games\classic.js:1484:23
    at callback (C:\myKKuTu\KKuTu-master\Server\lib\sub\collection.js:316:13):8496 [2025. 12. 12. 오후 1:11:54] ERROR: TypeError: Cannot read properties of undefined (reading 'length')
TypeError: Cannot read properties of undefined (reading 'length')
    at tryAttack (C:\myKKuTu\KKuTu-master\Server\lib\Game\games\classic.js:1152:41)
    at C:\myKKuTu\KKuTu-master\Server\lib\Game\games\classic.js:1347:8
    at process.processTicksAndRejections (node:internal/process/task_queues:105:5):8496 [2025. 12. 12. 오후 1:12:37] ERROR: TypeError: Cannot read properties of undefined (reading 'length')
TypeError: Cannot read properties of undefined (reading 'length')
    at tryAttack (C:\myKKuTu\KKuTu-master\Server\lib\Game\games\classic.js:1152:41)
    at C:\myKKuTu\KKuTu-master\Server\lib\Game\games\classic.js:1347:8
    at process.processTicksAndRejections (node:internal/process/task_queues:105:5):8496 [2025. 12. 12. 오후 1:13:50] ERROR: TypeError: Cannot read properties of undefined (reading 'length')
TypeError: Cannot read properties of undefined (reading 'length')
    at tryAttack (C:\myKKuTu\KKuTu-master\Server\lib\Game\games\classic.js:1152:41)
    at C:\myKKuTu\KKuTu-master\Server\lib\Game\games\classic.js:1347:8
    at process.processTicksAndRejections (node:internal/process/task_queues:105:5):8496 [2025. 12. 13. 오전 11:13:36] ERROR: TypeError: my.publish is not a function
TypeError: my.publish is not a function
    at Timeout._onTimeout (C:\myKKuTu\KKuTu-master\Server\lib\Game\kkutu.js:925:8)
    at listOnTimeout (node:internal/timers:588:17)
    at process.processTimers (node:internal/timers:523:7):8496 [2025. 12. 13. 오후 9:53:05] ERROR: TypeError: Cannot read properties of undefined (reading 'length')
TypeError: Cannot read properties of undefined (reading 'length')
    at C:\myKKuTu\KKuTu-master\Server\lib\Game\games\classic.js:1449:25
    at process.processTicksAndRejections (node:internal/process/task_queues:105:5):8496 [2025. 12. 15. 오전 3:00:09] ERROR: TypeError: Cannot read properties of undefined (reading 'length')
TypeError: Cannot read properties of undefined (reading 'length')
    at C:\myKKuTu\KKuTu-master\Server\lib\Game\games\classic.js:1449:25
    at process.processTicksAndRejections (node:internal/process/task_queues:105:5):8496 [2025. 12. 17. 오후 1:35:23] ERROR: TypeError: Cannot read properties of null (reading 'mean')
TypeError: Cannot read properties of null (reading 'mean')
    at C:\myKKuTu\KKuTu-master\Server\lib\Game\games\jaqwi.js:63:22
    at exports.Tail.go (C:\myKKuTu\KKuTu-master\Server\lib\sub\lizard.js:43:16)
    at C:\myKKuTu\KKuTu-master\Server\lib\Game\games\jaqwi.js:295:22
    at callback (C:\myKKuTu\KKuTu-master\Server\lib\sub\collection.js:316:13)
    at Query.preCB (C:\myKKuTu\KKuTu-master\Server\lib\sub\collection.js:298:6)
    at Query.handleReadyForQuery (C:\myKKuTu\KKuTu-master\Server\lib\node_modules\pg\lib\query.js:138:12)
    at Client._handleReadyForQuery (C:\myKKuTu\KKuTu-master\Server\lib\node_modules\pg\lib\client.js:290:19)
    at Connection.emit (node:events:518:28)
    at C:\myKKuTu\KKuTu-master\Server\lib\node_modules\pg\lib\connection.js:114:12
    at Parser.parse (C:\myKKuTu\KKuTu-master\Server\lib\node_modules\pg-protocol\dist\parser.js:40:17):8496 [2025. 12. 17. 오후 1:41:10] ERROR: TypeError: Cannot read properties of null (reading 'mean')
TypeError: Cannot read properties of null (reading 'mean')
    at C:\myKKuTu\KKuTu-master\Server\lib\Game\games\jaqwi.js:63:22
    at exports.Tail.go (C:\myKKuTu\KKuTu-master\Server\lib\sub\lizard.js:43:16)
    at C:\myKKuTu\KKuTu-master\Server\lib\Game\games\jaqwi.js:295:22
    at callback (C:\myKKuTu\KKuTu-master\Server\lib\sub\collection.js:316:13)
    at Query.preCB (C:\myKKuTu\KKuTu-master\Server\lib\sub\collection.js:298:6)
    at Query.handleReadyForQuery (C:\myKKuTu\KKuTu-master\Server\lib\node_modules\pg\lib\query.js:138:12)
    at Client._handleReadyForQuery (C:\myKKuTu\KKuTu-master\Server\lib\node_modules\pg\lib\client.js:290:19)
    at Connection.emit (node:events:518:28)
    at C:\myKKuTu\KKuTu-master\Server\lib\node_modules\pg\lib\connection.js:114:12
    at Parser.parse (C:\myKKuTu\KKuTu-master\Server\lib\node_modules\pg-protocol\dist\parser.js:40:17):8496 [2025. 12. 17. 오후 2:52:11] ERROR: ReferenceError: keyByOptions is not defined
ReferenceError: keyByOptions is not defined
    at C:\myKKuTu\KKuTu-master\Server\lib\Game\games\classic.js:689:36
    at new Promise (<anonymous>)
    at getAttackChars (C:\myKKuTu\KKuTu-master\Server\lib\Game\games\classic.js:688:10)
    at C:\myKKuTu\KKuTu-master\Server\lib\Game\games\classic.js:1256:6
    at exports.Tail.go (C:\myKKuTu\KKuTu-master\Server\lib\sub\lizard.js:43:16)
    at aft (C:\myKKuTu\KKuTu-master\Server\lib\Game\games\classic.js:1887:8)
    at C:\myKKuTu\KKuTu-master\Server\lib\Game\games\classic.js:1894:23
    at callback (C:\myKKuTu\KKuTu-master\Server\lib\sub\collection.js:316:13)
    at Query.preCB (C:\myKKuTu\KKuTu-master\Server\lib\sub\collection.js:298:6)
    at Query.handleReadyForQuery (C:\myKKuTu\KKuTu-master\Server\lib\node_modules\pg\lib\query.js:138:12):8496 [2025. 12. 17. 오후 2:52:54] ERROR: ReferenceError: keyByOptions is not defined
ReferenceError: keyByOptions is not defined
    at C:\myKKuTu\KKuTu-master\Server\lib\Game\games\classic.js:689:36
    at new Promise (<anonymous>)
    at getAttackChars (C:\myKKuTu\KKuTu-master\Server\lib\Game\games\classic.js:688:10)
    at C:\myKKuTu\KKuTu-master\Server\lib\Game\games\classic.js:1256:6
    at exports.Tail.go (C:\myKKuTu\KKuTu-master\Server\lib\sub\lizard.js:43:16)
    at aft (C:\myKKuTu\KKuTu-master\Server\lib\Game\games\classic.js:1887:8)
    at C:\myKKuTu\KKuTu-master\Server\lib\Game\games\classic.js:1894:23
    at callback (C:\myKKuTu\KKuTu-master\Server\lib\sub\collection.js:316:13)
    at Query.preCB (C:\myKKuTu\KKuTu-master\Server\lib\sub\collection.js:298:6)
    at Query.handleReadyForQuery (C:\myKKuTu\KKuTu-master\Server\lib\node_modules\pg\lib\query.js:138:12):8496 [2025. 12. 18. 오후 7:41:51] ERROR: ReferenceError: table is not defined
ReferenceError: table is not defined
    at C:\myKKuTu\KKuTu-master\Server\lib\Game\games\classic.js:85:4
    at new Promise (<anonymous>)
    at C:\myKKuTu\KKuTu-master\Server\lib\Game\games\classic.js:83:12
    at new Promise (<anonymous>)
    at getAttackChars (C:\myKKuTu\KKuTu-master\Server\lib\Game\games\classic.js:48:9)
    at C:\myKKuTu\KKuTu-master\Server\lib\Game\games\classic.js:1141:6
    at exports.Tail.go (C:\myKKuTu\KKuTu-master\Server\lib\sub\lizard.js:43:16)
    at aft (C:\myKKuTu\KKuTu-master\Server\lib\Game\games\classic.js:1783:8)
    at C:\myKKuTu\KKuTu-master\Server\lib\Game\games\classic.js:1790:23
    at callback (C:\myKKuTu\KKuTu-master\Server\lib\sub\collection.js:316:13):8496 [2025. 12. 18. 오후 7:59:59] ERROR: TypeError: Cannot read properties of undefined (reading '$not')
TypeError: Cannot read properties of undefined (reading '$not')
    at wSearch (C:\myKKuTu\KKuTu-master\Server\lib\sub\collection.js:132:18)
    at Array.map (<anonymous>)
    at sqlWhere (C:\myKKuTu\KKuTu-master\Server\lib\sub\collection.js:147:11)
    at pointer.on (C:\myKKuTu\KKuTu-master\Server\lib\sub\collection.js:324:40)
    at C:\myKKuTu\KKuTu-master\Server\lib\Game\games\classic.js:98:18
    at new Promise (<anonymous>)
    at C:\myKKuTu\KKuTu-master\Server\lib\Game\games\classic.js:84:12
    at new Promise (<anonymous>)
    at getAttackChars (C:\myKKuTu\KKuTu-master\Server\lib\Game\games\classic.js:48:9)
    at C:\myKKuTu\KKuTu-master\Server\lib\Game\games\classic.js:1156:6:8496 [2025. 12. 18. 오후 8:35:20] ERROR: ReferenceError: priorityChars is not defined
ReferenceError: priorityChars is not defined
    at C:\myKKuTu\KKuTu-master\Server\lib\Game\games\classic.js:166:4
    at process.processTicksAndRejections (node:internal/process/task_queues:105:5):8496 [2025. 12. 18. 오후 9:24:43] ERROR: ReferenceError: bannedSet is not defined
ReferenceError: bannedSet is not defined
    at C:\myKKuTu\KKuTu-master\Server\lib\Game\games\classic.js:177:7
    at Array.forEach (<anonymous>)
    at C:\myKKuTu\KKuTu-master\Server\lib\Game\games\classic.js:147:17
    at process.processTicksAndRejections (node:internal/process/task_queues:105:5):8496 [2025. 12. 21. 오후 6:26:07] ERROR: TypeError: Cannot read properties of undefined (reading 'score')
TypeError: Cannot read properties of undefined (reading 'score')
    at my.roundEnd (C:\myKKuTu\KKuTu-master\Server\lib\Game\kkutu.js:1763:23)
    at exports.roundReady (C:\myKKuTu\KKuTu-master\Server\lib\Game\games\classic.js:391:6)
    at my.route.my.routeSync (C:\myKKuTu\KKuTu-master\Server\lib\Game\kkutu.js:1992:13)
    at my.roundReady (C:\myKKuTu\KKuTu-master\Server\lib\Game\kkutu.js:1708:13)
    at listOnTimeout (node:internal/timers:588:17)
    at process.processTimers (node:internal/timers:523:7):8496 [2025. 12. 21. 오후 7:50:44] ERROR: TypeError: Cannot read properties of undefined (reading 'humanRank')
TypeError: Cannot read properties of undefined (reading 'humanRank')
    at my.roundEnd (C:\myKKuTu\KKuTu-master\Server\lib\Game\kkutu.js:1810:53)
    at exports.roundReady (C:\myKKuTu\KKuTu-master\Server\lib\Game\games\classic.js:391:6)
    at my.route.my.routeSync (C:\myKKuTu\KKuTu-master\Server\lib\Game\kkutu.js:1995:13)
    at my.roundReady (C:\myKKuTu\KKuTu-master\Server\lib\Game\kkutu.js:1709:13)
    at listOnTimeout (node:internal/timers:588:17)
    at process.processTimers (node:internal/timers:523:7):8496 [2025. 12. 24. 오후 10:02:46] ERROR: TypeError: Cannot read properties of undefined (reading 'charCodeAt')
TypeError: Cannot read properties of undefined (reading 'charCodeAt')
    at exports.Room.getSubChar (C:\myKKuTu\KKuTu-master\Server\lib\Game\games\classic.js:1947:15)
    at onDB (C:\myKKuTu\KKuTu-master\Server\lib\Game\games\classic.js:594:31)
    at callback (C:\myKKuTu\KKuTu-master\Server\lib\sub\collection.js:316:13)
    at Query.preCB (C:\myKKuTu\KKuTu-master\Server\lib\sub\collection.js:298:6)
    at Query.handleReadyForQuery (C:\myKKuTu\KKuTu-master\Server\lib\node_modules\pg\lib\query.js:138:12)
    at Client._handleReadyForQuery (C:\myKKuTu\KKuTu-master\Server\lib\node_modules\pg\lib\client.js:290:19)
    at Connection.emit (node:events:518:28)
    at C:\myKKuTu\KKuTu-master\Server\lib\node_modules\pg\lib\connection.js:114:12
    at Parser.parse (C:\myKKuTu\KKuTu-master\Server\lib\node_modules\pg-protocol\dist\parser.js:40:17)
    at Socket.<anonymous> (C:\myKKuTu\KKuTu-master\Server\lib\node_modules\pg-protocol\dist\index.js:11:42):2083 [2025. 12. 28. 오후 7:53:02] ERROR: SyntaxError: Unexpected end of input
C:\myKKuTu\KKuTu-master\Server\lib\Game\games\classic.js:2407
	}
	 

SyntaxError: Unexpected end of input
    at wrapSafe (node:internal/modules/cjs/loader:1662:18)
    at Module._compile (node:internal/modules/cjs/loader:1704:20)
    at Object..js (node:internal/modules/cjs/loader:1895:10)
    at Module.load (node:internal/modules/cjs/loader:1465:32)
    at Function._load (node:internal/modules/cjs/loader:1282:12)
    at TracingChannel.traceSync (node:diagnostics_channel:322:14)
    at wrapModuleLoad (node:internal/modules/cjs/loader:235:24)
    at Module.require (node:internal/modules/cjs/loader:1487:12)
    at require (node:internal/modules/helpers:135:16)
    at exports.init (C:\myKKuTu\KKuTu-master\Server\lib\Game\kkutu.js:61:13):2083 [2025. 12. 28. 오후 7:53:13] ERROR: SyntaxError: Unexpected end of input
C:\myKKuTu\KKuTu-master\Server\lib\Game\games\classic.js:2407
	}
	 

SyntaxError: Unexpected end of input
    at wrapSafe (node:internal/modules/cjs/loader:1662:18)
    at Module._compile (node:internal/modules/cjs/loader:1704:20)
    at Object..js (node:internal/modules/cjs/loader:1895:10)
    at Module.load (node:internal/modules/cjs/loader:1465:32)
    at Function._load (node:internal/modules/cjs/loader:1282:12)
    at TracingChannel.traceSync (node:diagnostics_channel:322:14)
    at wrapModuleLoad (node:internal/modules/cjs/loader:235:24)
    at Module.require (node:internal/modules/cjs/loader:1487:12)
    at require (node:internal/modules/helpers:135:16)
    at exports.init (C:\myKKuTu\KKuTu-master\Server\lib\Game\kkutu.js:61:13):2083 [2025. 12. 28. 오후 8:03:05] ERROR: ReferenceError: shuffle is not defined
ReferenceError: shuffle is not defined
    at C:\myKKuTu\KKuTu-master\Server\lib\Game\games\classic.js:247:5
    at callback (C:\myKKuTu\KKuTu-master\Server\lib\sub\collection.js:316:13)
    at Query.preCB (C:\myKKuTu\KKuTu-master\Server\lib\sub\collection.js:298:6)
    at Query.handleReadyForQuery (C:\myKKuTu\KKuTu-master\Server\lib\node_modules\pg\lib\query.js:138:12)
    at Client._handleReadyForQuery (C:\myKKuTu\KKuTu-master\Server\lib\node_modules\pg\lib\client.js:290:19)
    at Connection.emit (node:events:518:28)
    at C:\myKKuTu\KKuTu-master\Server\lib\node_modules\pg\lib\connection.js:114:12
    at Parser.parse (C:\myKKuTu\KKuTu-master\Server\lib\node_modules\pg-protocol\dist\parser.js:40:17)
    at Socket.<anonymous> (C:\myKKuTu\KKuTu-master\Server\lib\node_modules\pg-protocol\dist\index.js:11:42)
    at Socket.emit (node:events:518:28):2083 [2025. 12. 28. 오후 8:05:24] ERROR: ReferenceError: getSubChar is not defined
ReferenceError: getSubChar is not defined
    at checkTitle (C:\myKKuTu\KKuTu-master\Server\lib\Game\games\classic.js:302:49)
    at C:\myKKuTu\KKuTu-master\Server\lib\Game\games\classic.js:257:5
    at callback (C:\myKKuTu\KKuTu-master\Server\lib\sub\collection.js:316:13)
    at Query.preCB (C:\myKKuTu\KKuTu-master\Server\lib\sub\collection.js:298:6)
    at Query.handleReadyForQuery (C:\myKKuTu\KKuTu-master\Server\lib\node_modules\pg\lib\query.js:138:12)
    at Client._handleReadyForQuery (C:\myKKuTu\KKuTu-master\Server\lib\node_modules\pg\lib\client.js:290:19)
    at Connection.emit (node:events:518:28)
    at C:\myKKuTu\KKuTu-master\Server\lib\node_modules\pg\lib\connection.js:114:12
    at Parser.parse (C:\myKKuTu\KKuTu-master\Server\lib\node_modules\pg-protocol\dist\parser.js:40:17)
    at Socket.<anonymous> (C:\myKKuTu\KKuTu-master\Server\lib\node_modules\pg-protocol\dist\index.js:11:42):2083 [2025. 12. 28. 오후 8:14:00] ERROR: ReferenceError: pickList is not defined
ReferenceError: pickList is not defined
    at C:\myKKuTu\KKuTu-master\Server\lib\Game\games\classic.js:1280:6
    at callback (C:\myKKuTu\KKuTu-master\Server\lib\sub\collection.js:316:13)
    at Query.preCB (C:\myKKuTu\KKuTu-master\Server\lib\sub\collection.js:298:6)
    at Query.handleReadyForQuery (C:\myKKuTu\KKuTu-master\Server\lib\node_modules\pg\lib\query.js:138:12)
    at Client._handleReadyForQuery (C:\myKKuTu\KKuTu-master\Server\lib\node_modules\pg\lib\client.js:290:19)
    at Connection.emit (node:events:518:28)
    at C:\myKKuTu\KKuTu-master\Server\lib\node_modules\pg\lib\connection.js:114:12
    at Parser.parse (C:\myKKuTu\KKuTu-master\Server\lib\node_modules\pg-protocol\dist\parser.js:40:17)
    at Socket.<anonymous> (C:\myKKuTu\KKuTu-master\Server\lib\node_modules\pg-protocol\dist\index.js:11:42)
    at Socket.emit (node:events:518:28):2083 [2025. 12. 28. 오후 8:30:00] ERROR: SyntaxError: Unexpected end of input
C:\myKKuTu\KKuTu-master\Server\lib\Game\games\classic.js:2406
	}
	 

SyntaxError: Unexpected end of input
    at wrapSafe (node:internal/modules/cjs/loader:1662:18)
    at Module._compile (node:internal/modules/cjs/loader:1704:20)
    at Object..js (node:internal/modules/cjs/loader:1895:10)
    at Module.load (node:internal/modules/cjs/loader:1465:32)
    at Function._load (node:internal/modules/cjs/loader:1282:12)
    at TracingChannel.traceSync (node:diagnostics_channel:322:14)
    at wrapModuleLoad (node:internal/modules/cjs/loader:235:24)
    at Module.require (node:internal/modules/cjs/loader:1487:12)
    at require (node:internal/modules/helpers:135:16)
    at exports.init (C:\myKKuTu\KKuTu-master\Server\lib\Game\kkutu.js:61:13):2083 [2025. 12. 28. 오후 8:30:10] ERROR: SyntaxError: Unexpected end of input
C:\myKKuTu\KKuTu-master\Server\lib\Game\games\classic.js:2406
	}
	 

SyntaxError: Unexpected end of input
    at wrapSafe (node:internal/modules/cjs/loader:1662:18)
    at Module._compile (node:internal/modules/cjs/loader:1704:20)
    at Object..js (node:internal/modules/cjs/loader:1895:10)
    at Module.load (node:internal/modules/cjs/loader:1465:32)
    at Function._load (node:internal/modules/cjs/loader:1282:12)
    at TracingChannel.traceSync (node:diagnostics_channel:322:14)
    at wrapModuleLoad (node:internal/modules/cjs/loader:235:24)
    at Module.require (node:internal/modules/cjs/loader:1487:12)
    at require (node:internal/modules/helpers:135:16)
    at exports.init (C:\myKKuTu\KKuTu-master\Server\lib\Game\kkutu.js:61:13):2083 [2025. 12. 28. 오후 8:30:21] ERROR: SyntaxError: Unexpected end of input
C:\myKKuTu\KKuTu-master\Server\lib\Game\games\classic.js:2406
	}
	 

SyntaxError: Unexpected end of input
    at wrapSafe (node:internal/modules/cjs/loader:1662:18)
    at Module._compile (node:internal/modules/cjs/loader:1704:20)
    at Object..js (node:internal/modules/cjs/loader:1895:10)
    at Module.load (node:internal/modules/cjs/loader:1465:32)
    at Function._load (node:internal/modules/cjs/loader:1282:12)
    at TracingChannel.traceSync (node:diagnostics_channel:322:14)
    at wrapModuleLoad (node:internal/modules/cjs/loader:235:24)
    at Module.require (node:internal/modules/cjs/loader:1487:12)
    at require (node:internal/modules/helpers:135:16)
    at exports.init (C:\myKKuTu\KKuTu-master\Server\lib\Game\kkutu.js:61:13):2083 [2025. 12. 28. 오후 8:30:31] ERROR: SyntaxError: Unexpected end of input
C:\myKKuTu\KKuTu-master\Server\lib\Game\games\classic.js:2406
	}
	 

SyntaxError: Unexpected end of input
    at wrapSafe (node:internal/modules/cjs/loader:1662:18)
    at Module._compile (node:internal/modules/cjs/loader:1704:20)
    at Object..js (node:internal/modules/cjs/loader:1895:10)
    at Module.load (node:internal/modules/cjs/loader:1465:32)
    at Function._load (node:internal/modules/cjs/loader:1282:12)
    at TracingChannel.traceSync (node:diagnostics_channel:322:14)
    at wrapModuleLoad (node:internal/modules/cjs/loader:235:24)
    at Module.require (node:internal/modules/cjs/loader:1487:12)
    at require (node:internal/modules/helpers:135:16)
    at exports.init (C:\myKKuTu\KKuTu-master\Server\lib\Game\kkutu.js:61:13):2083 [2025. 12. 28. 오후 8:30:42] ERROR: SyntaxError: Unexpected end of input
C:\myKKuTu\KKuTu-master\Server\lib\Game\games\classic.js:2406
	}
	 

SyntaxError: Unexpected end of input
    at wrapSafe (node:internal/modules/cjs/loader:1662:18)
    at Module._compile (node:internal/modules/cjs/loader:1704:20)
    at Object..js (node:internal/modules/cjs/loader:1895:10)
    at Module.load (node:internal/modules/cjs/loader:1465:32)
    at Function._load (node:internal/modules/cjs/loader:1282:12)
    at TracingChannel.traceSync (node:diagnostics_channel:322:14)
    at wrapModuleLoad (node:internal/modules/cjs/loader:235:24)
    at Module.require (node:internal/modules/cjs/loader:1487:12)
    at require (node:internal/modules/helpers:135:16)
    at exports.init (C:\myKKuTu\KKuTu-master\Server\lib\Game\kkutu.js:61:13):2083 [2025. 12. 28. 오후 8:30:52] ERROR: SyntaxError: Unexpected end of input
C:\myKKuTu\KKuTu-master\Server\lib\Game\games\classic.js:2406
	}
	 

SyntaxError: Unexpected end of input
    at wrapSafe (node:internal/modules/cjs/loader:1662:18)
    at Module._compile (node:internal/modules/cjs/loader:1704:20)
    at Object..js (node:internal/modules/cjs/loader:1895:10)
    at Module.load (node:internal/modules/cjs/loader:1465:32)
    at Function._load (node:internal/modules/cjs/loader:1282:12)
    at TracingChannel.traceSync (node:diagnostics_channel:322:14)
    at wrapModuleLoad (node:internal/modules/cjs/loader:235:24)
    at Module.require (node:internal/modules/cjs/loader:1487:12)
    at require (node:internal/modules/helpers:135:16)
    at exports.init (C:\myKKuTu\KKuTu-master\Server\lib\Game\kkutu.js:61:13):2083 [2025. 12. 28. 오후 8:31:02] ERROR: SyntaxError: Unexpected end of input
C:\myKKuTu\KKuTu-master\Server\lib\Game\games\classic.js:2406
	}
	 

SyntaxError: Unexpected end of input
    at wrapSafe (node:internal/modules/cjs/loader:1662:18)
    at Module._compile (node:internal/modules/cjs/loader:1704:20)
    at Object..js (node:internal/modules/cjs/loader:1895:10)
    at Module.load (node:internal/modules/cjs/loader:1465:32)
    at Function._load (node:internal/modules/cjs/loader:1282:12)
    at TracingChannel.traceSync (node:diagnostics_channel:322:14)
    at wrapModuleLoad (node:internal/modules/cjs/loader:235:24)
    at Module.require (node:internal/modules/cjs/loader:1487:12)
    at require (node:internal/modules/helpers:135:16)
    at exports.init (C:\myKKuTu\KKuTu-master\Server\lib\Game\kkutu.js:61:13):2083 [2025. 12. 28. 오후 8:31:13] ERROR: SyntaxError: Unexpected end of input
C:\myKKuTu\KKuTu-master\Server\lib\Game\games\classic.js:2406
	}
	 

SyntaxError: Unexpected end of input
    at wrapSafe (node:internal/modules/cjs/loader:1662:18)
    at Module._compile (node:internal/modules/cjs/loader:1704:20)
    at Object..js (node:internal/modules/cjs/loader:1895:10)
    at Module.load (node:internal/modules/cjs/loader:1465:32)
    at Function._load (node:internal/modules/cjs/loader:1282:12)
    at TracingChannel.traceSync (node:diagnostics_channel:322:14)
    at wrapModuleLoad (node:internal/modules/cjs/loader:235:24)
    at Module.require (node:internal/modules/cjs/loader:1487:12)
    at require (node:internal/modules/helpers:135:16)
    at exports.init (C:\myKKuTu\KKuTu-master\Server\lib\Game\kkutu.js:61:13):2083 [2026. 1. 6. 오후 9:22:14] ERROR: SyntaxError: Unexpected token '}'
C:\myKKuTu\KKuTu-master\Server\lib\Game\games\classic.js:1310
};
^

SyntaxError: Unexpected token '}'
    at wrapSafe (node:internal/modules/cjs/loader:1662:18)
    at Module._compile (node:internal/modules/cjs/loader:1704:20)
    at Object..js (node:internal/modules/cjs/loader:1895:10)
    at Module.load (node:internal/modules/cjs/loader:1465:32)
    at Function._load (node:internal/modules/cjs/loader:1282:12)
    at TracingChannel.traceSync (node:diagnostics_channel:322:14)
    at wrapModuleLoad (node:internal/modules/cjs/loader:235:24)
    at Module.require (node:internal/modules/cjs/loader:1487:12)
    at require (node:internal/modules/helpers:135:16)
    at exports.init (C:\myKKuTu\KKuTu-master\Server\lib\Game\kkutu.js:61:13):2083 [2026. 1. 6. 오후 9:22:24] ERROR: SyntaxError: Unexpected token '}'
C:\myKKuTu\KKuTu-master\Server\lib\Game\games\classic.js:1310
};
^

SyntaxError: Unexpected token '}'
    at wrapSafe (node:internal/modules/cjs/loader:1662:18)
    at Module._compile (node:internal/modules/cjs/loader:1704:20)
    at Object..js (node:internal/modules/cjs/loader:1895:10)
    at Module.load (node:internal/modules/cjs/loader:1465:32)
    at Function._load (node:internal/modules/cjs/loader:1282:12)
    at TracingChannel.traceSync (node:diagnostics_channel:322:14)
    at wrapModuleLoad (node:internal/modules/cjs/loader:235:24)
    at Module.require (node:internal/modules/cjs/loader:1487:12)
    at require (node:internal/modules/helpers:135:16)
    at exports.init (C:\myKKuTu\KKuTu-master\Server\lib\Game\kkutu.js:61:13):2083 [2026. 1. 6. 오후 9:22:35] ERROR: SyntaxError: Unexpected token '}'
C:\myKKuTu\KKuTu-master\Server\lib\Game\games\classic.js:1310
};
^

SyntaxError: Unexpected token '}'
    at wrapSafe (node:internal/modules/cjs/loader:1662:18)
    at Module._compile (node:internal/modules/cjs/loader:1704:20)
    at Object..js (node:internal/modules/cjs/loader:1895:10)
    at Module.load (node:internal/modules/cjs/loader:1465:32)
    at Function._load (node:internal/modules/cjs/loader:1282:12)
    at TracingChannel.traceSync (node:diagnostics_channel:322:14)
    at wrapModuleLoad (node:internal/modules/cjs/loader:235:24)
    at Module.require (node:internal/modules/cjs/loader:1487:12)
    at require (node:internal/modules/helpers:135:16)
    at exports.init (C:\myKKuTu\KKuTu-master\Server\lib\Game\kkutu.js:61:13):2083 [2026. 1. 6. 오후 9:22:45] ERROR: SyntaxError: Unexpected token '}'
C:\myKKuTu\KKuTu-master\Server\lib\Game\games\classic.js:1310
};
^

SyntaxError: Unexpected token '}'
    at wrapSafe (node:internal/modules/cjs/loader:1662:18)
    at Module._compile (node:internal/modules/cjs/loader:1704:20)
    at Object..js (node:internal/modules/cjs/loader:1895:10)
    at Module.load (node:internal/modules/cjs/loader:1465:32)
    at Function._load (node:internal/modules/cjs/loader:1282:12)
    at TracingChannel.traceSync (node:diagnostics_channel:322:14)
    at wrapModuleLoad (node:internal/modules/cjs/loader:235:24)
    at Module.require (node:internal/modules/cjs/loader:1487:12)
    at require (node:internal/modules/helpers:135:16)
    at exports.init (C:\myKKuTu\KKuTu-master\Server\lib\Game\kkutu.js:61:13):2083 [2026. 1. 6. 오후 9:22:56] ERROR: SyntaxError: Unexpected token '}'
C:\myKKuTu\KKuTu-master\Server\lib\Game\games\classic.js:1310
};
^

SyntaxError: Unexpected token '}'
    at wrapSafe (node:internal/modules/cjs/loader:1662:18)
    at Module._compile (node:internal/modules/cjs/loader:1704:20)
    at Object..js (node:internal/modules/cjs/loader:1895:10)
    at Module.load (node:internal/modules/cjs/loader:1465:32)
    at Function._load (node:internal/modules/cjs/loader:1282:12)
    at TracingChannel.traceSync (node:diagnostics_channel:322:14)
    at wrapModuleLoad (node:internal/modules/cjs/loader:235:24)
    at Module.require (node:internal/modules/cjs/loader:1487:12)
    at require (node:internal/modules/helpers:135:16)
    at exports.init (C:\myKKuTu\KKuTu-master\Server\lib\Game\kkutu.js:61:13):2083 [2026. 1. 6. 오후 9:23:06] ERROR: SyntaxError: Unexpected token '}'
C:\myKKuTu\KKuTu-master\Server\lib\Game\games\classic.js:1310
};
^

SyntaxError: Unexpected token '}'
    at wrapSafe (node:internal/modules/cjs/loader:1662:18)
    at Module._compile (node:internal/modules/cjs/loader:1704:20)
    at Object..js (node:internal/modules/cjs/loader:1895:10)
    at Module.load (node:internal/modules/cjs/loader:1465:32)
    at Function._load (node:internal/modules/cjs/loader:1282:12)
    at TracingChannel.traceSync (node:diagnostics_channel:322:14)
    at wrapModuleLoad (node:internal/modules/cjs/loader:235:24)
    at Module.require (node:internal/modules/cjs/loader:1487:12)
    at require (node:internal/modules/helpers:135:16)
    at exports.init (C:\myKKuTu\KKuTu-master\Server\lib\Game\kkutu.js:61:13):2083 [2026. 1. 6. 오후 9:23:17] ERROR: SyntaxError: Unexpected token '}'
C:\myKKuTu\KKuTu-master\Server\lib\Game\games\classic.js:1310
};
^

SyntaxError: Unexpected token '}'
    at wrapSafe (node:internal/modules/cjs/loader:1662:18)
    at Module._compile (node:internal/modules/cjs/loader:1704:20)
    at Object..js (node:internal/modules/cjs/loader:1895:10)
    at Module.load (node:internal/modules/cjs/loader:1465:32)
    at Function._load (node:internal/modules/cjs/loader:1282:12)
    at TracingChannel.traceSync (node:diagnostics_channel:322:14)
    at wrapModuleLoad (node:internal/modules/cjs/loader:235:24)
    at Module.require (node:internal/modules/cjs/loader:1487:12)
    at require (node:internal/modules/helpers:135:16)
    at exports.init (C:\myKKuTu\KKuTu-master\Server\lib\Game\kkutu.js:61:13):2083 [2026. 1. 6. 오후 9:23:27] ERROR: SyntaxError: Unexpected token '}'
C:\myKKuTu\KKuTu-master\Server\lib\Game\games\classic.js:1310
};
^

SyntaxError: Unexpected token '}'
    at wrapSafe (node:internal/modules/cjs/loader:1662:18)
    at Module._compile (node:internal/modules/cjs/loader:1704:20)
    at Object..js (node:internal/modules/cjs/loader:1895:10)
    at Module.load (node:internal/modules/cjs/loader:1465:32)
    at Function._load (node:internal/modules/cjs/loader:1282:12)
    at TracingChannel.traceSync (node:diagnostics_channel:322:14)
    at wrapModuleLoad (node:internal/modules/cjs/loader:235:24)
    at Module.require (node:internal/modules/cjs/loader:1487:12)
    at require (node:internal/modules/helpers:135:16)
    at exports.init (C:\myKKuTu\KKuTu-master\Server\lib\Game\kkutu.js:61:13):2083 [2026. 1. 6. 오후 9:23:37] ERROR: SyntaxError: Unexpected token '}'
C:\myKKuTu\KKuTu-master\Server\lib\Game\games\classic.js:1310
};
^

SyntaxError: Unexpected token '}'
    at wrapSafe (node:internal/modules/cjs/loader:1662:18)
    at Module._compile (node:internal/modules/cjs/loader:1704:20)
    at Object..js (node:internal/modules/cjs/loader:1895:10)
    at Module.load (node:internal/modules/cjs/loader:1465:32)
    at Function._load (node:internal/modules/cjs/loader:1282:12)
    at TracingChannel.traceSync (node:diagnostics_channel:322:14)
    at wrapModuleLoad (node:internal/modules/cjs/loader:235:24)
    at Module.require (node:internal/modules/cjs/loader:1487:12)
    at require (node:internal/modules/helpers:135:16)
    at exports.init (C:\myKKuTu\KKuTu-master\Server\lib\Game\kkutu.js:61:13):2083 [2026. 1. 6. 오후 9:23:48] ERROR: SyntaxError: Unexpected token '}'
C:\myKKuTu\KKuTu-master\Server\lib\Game\games\classic.js:1310
};
^

SyntaxError: Unexpected token '}'
    at wrapSafe (node:internal/modules/cjs/loader:1662:18)
    at Module._compile (node:internal/modules/cjs/loader:1704:20)
    at Object..js (node:internal/modules/cjs/loader:1895:10)
    at Module.load (node:internal/modules/cjs/loader:1465:32)
    at Function._load (node:internal/modules/cjs/loader:1282:12)
    at TracingChannel.traceSync (node:diagnostics_channel:322:14)
    at wrapModuleLoad (node:internal/modules/cjs/loader:235:24)
    at Module.require (node:internal/modules/cjs/loader:1487:12)
    at require (node:internal/modules/helpers:135:16)
    at exports.init (C:\myKKuTu\KKuTu-master\Server\lib\Game\kkutu.js:61:13):2083 [2026. 1. 6. 오후 9:23:58] ERROR: SyntaxError: Unexpected token '}'
C:\myKKuTu\KKuTu-master\Server\lib\Game\games\classic.js:1310
};
^

SyntaxError: Unexpected token '}'
    at wrapSafe (node:internal/modules/cjs/loader:1662:18)
    at Module._compile (node:internal/modules/cjs/loader:1704:20)
    at Object..js (node:internal/modules/cjs/loader:1895:10)
    at Module.load (node:internal/modules/cjs/loader:1465:32)
    at Function._load (node:internal/modules/cjs/loader:1282:12)
    at TracingChannel.traceSync (node:diagnostics_channel:322:14)
    at wrapModuleLoad (node:internal/modules/cjs/loader:235:24)
    at Module.require (node:internal/modules/cjs/loader:1487:12)
    at require (node:internal/modules/helpers:135:16)
    at exports.init (C:\myKKuTu\KKuTu-master\Server\lib\Game\kkutu.js:61:13):2083 [2026. 1. 6. 오후 9:24:09] ERROR: SyntaxError: Unexpected token '}'
C:\myKKuTu\KKuTu-master\Server\lib\Game\games\classic.js:1310
};
^

SyntaxError: Unexpected token '}'
    at wrapSafe (node:internal/modules/cjs/loader:1662:18)
    at Module._compile (node:internal/modules/cjs/loader:1704:20)
    at Object..js (node:internal/modules/cjs/loader:1895:10)
    at Module.load (node:internal/modules/cjs/loader:1465:32)
    at Function._load (node:internal/modules/cjs/loader:1282:12)
    at TracingChannel.traceSync (node:diagnostics_channel:322:14)
    at wrapModuleLoad (node:internal/modules/cjs/loader:235:24)
    at Module.require (node:internal/modules/cjs/loader:1487:12)
    at require (node:internal/modules/helpers:135:16)
    at exports.init (C:\myKKuTu\KKuTu-master\Server\lib\Game\kkutu.js:61:13):2083 [2026. 1. 6. 오후 9:24:19] ERROR: SyntaxError: Unexpected token '}'
C:\myKKuTu\KKuTu-master\Server\lib\Game\games\classic.js:1310
};
^

SyntaxError: Unexpected token '}'
    at wrapSafe (node:internal/modules/cjs/loader:1662:18)
    at Module._compile (node:internal/modules/cjs/loader:1704:20)
    at Object..js (node:internal/modules/cjs/loader:1895:10)
    at Module.load (node:internal/modules/cjs/loader:1465:32)
    at Function._load (node:internal/modules/cjs/loader:1282:12)
    at TracingChannel.traceSync (node:diagnostics_channel:322:14)
    at wrapModuleLoad (node:internal/modules/cjs/loader:235:24)
    at Module.require (node:internal/modules/cjs/loader:1487:12)
    at require (node:internal/modules/helpers:135:16)
    at exports.init (C:\myKKuTu\KKuTu-master\Server\lib\Game\kkutu.js:61:13):2083 [2026. 1. 6. 오후 9:24:30] ERROR: SyntaxError: Unexpected token '}'
C:\myKKuTu\KKuTu-master\Server\lib\Game\games\classic.js:1310
};
^

SyntaxError: Unexpected token '}'
    at wrapSafe (node:internal/modules/cjs/loader:1662:18)
    at Module._compile (node:internal/modules/cjs/loader:1704:20)
    at Object..js (node:internal/modules/cjs/loader:1895:10)
    at Module.load (node:internal/modules/cjs/loader:1465:32)
    at Function._load (node:internal/modules/cjs/loader:1282:12)
    at TracingChannel.traceSync (node:diagnostics_channel:322:14)
    at wrapModuleLoad (node:internal/modules/cjs/loader:235:24)
    at Module.require (node:internal/modules/cjs/loader:1487:12)
    at require (node:internal/modules/helpers:135:16)
    at exports.init (C:\myKKuTu\KKuTu-master\Server\lib\Game\kkutu.js:61:13):2083 [2026. 1. 6. 오후 9:24:40] ERROR: SyntaxError: Unexpected token '}'
C:\myKKuTu\KKuTu-master\Server\lib\Game\games\classic.js:1310
};
^

SyntaxError: Unexpected token '}'
    at wrapSafe (node:internal/modules/cjs/loader:1662:18)
    at Module._compile (node:internal/modules/cjs/loader:1704:20)
    at Object..js (node:internal/modules/cjs/loader:1895:10)
    at Module.load (node:internal/modules/cjs/loader:1465:32)
    at Function._load (node:internal/modules/cjs/loader:1282:12)
    at TracingChannel.traceSync (node:diagnostics_channel:322:14)
    at wrapModuleLoad (node:internal/modules/cjs/loader:235:24)
    at Module.require (node:internal/modules/cjs/loader:1487:12)
    at require (node:internal/modules/helpers:135:16)
    at exports.init (C:\myKKuTu\KKuTu-master\Server\lib\Game\kkutu.js:61:13):2083 [2026. 1. 6. 오후 9:24:51] ERROR: SyntaxError: Unexpected token '}'
C:\myKKuTu\KKuTu-master\Server\lib\Game\games\classic.js:1310
};
^

SyntaxError: Unexpected token '}'
    at wrapSafe (node:internal/modules/cjs/loader:1662:18)
    at Module._compile (node:internal/modules/cjs/loader:1704:20)
    at Object..js (node:internal/modules/cjs/loader:1895:10)
    at Module.load (node:internal/modules/cjs/loader:1465:32)
    at Function._load (node:internal/modules/cjs/loader:1282:12)
    at TracingChannel.traceSync (node:diagnostics_channel:322:14)
    at wrapModuleLoad (node:internal/modules/cjs/loader:235:24)
    at Module.require (node:internal/modules/cjs/loader:1487:12)
    at require (node:internal/modules/helpers:135:16)
    at exports.init (C:\myKKuTu\KKuTu-master\Server\lib\Game\kkutu.js:61:13):2083 [2026. 1. 6. 오후 9:25:01] ERROR: SyntaxError: Unexpected token '}'
C:\myKKuTu\KKuTu-master\Server\lib\Game\games\classic.js:1310
};
^

SyntaxError: Unexpected token '}'
    at wrapSafe (node:internal/modules/cjs/loader:1662:18)
    at Module._compile (node:internal/modules/cjs/loader:1704:20)
    at Object..js (node:internal/modules/cjs/loader:1895:10)
    at Module.load (node:internal/modules/cjs/loader:1465:32)
    at Function._load (node:internal/modules/cjs/loader:1282:12)
    at TracingChannel.traceSync (node:diagnostics_channel:322:14)
    at wrapModuleLoad (node:internal/modules/cjs/loader:235:24)
    at Module.require (node:internal/modules/cjs/loader:1487:12)
    at require (node:internal/modules/helpers:135:16)
    at exports.init (C:\myKKuTu\KKuTu-master\Server\lib\Game\kkutu.js:61:13):2083 [2026. 1. 6. 오후 9:25:12] ERROR: SyntaxError: Unexpected token '}'
C:\myKKuTu\KKuTu-master\Server\lib\Game\games\classic.js:1310
};
^

SyntaxError: Unexpected token '}'
    at wrapSafe (node:internal/modules/cjs/loader:1662:18)
    at Module._compile (node:internal/modules/cjs/loader:1704:20)
    at Object..js (node:internal/modules/cjs/loader:1895:10)
    at Module.load (node:internal/modules/cjs/loader:1465:32)
    at Function._load (node:internal/modules/cjs/loader:1282:12)
    at TracingChannel.traceSync (node:diagnostics_channel:322:14)
    at wrapModuleLoad (node:internal/modules/cjs/loader:235:24)
    at Module.require (node:internal/modules/cjs/loader:1487:12)
    at require (node:internal/modules/helpers:135:16)
    at exports.init (C:\myKKuTu\KKuTu-master\Server\lib\Game\kkutu.js:61:13):2083 [2026. 1. 6. 오후 9:25:22] ERROR: SyntaxError: Unexpected token '}'
C:\myKKuTu\KKuTu-master\Server\lib\Game\games\classic.js:1310
};
^

SyntaxError: Unexpected token '}'
    at wrapSafe (node:internal/modules/cjs/loader:1662:18)
    at Module._compile (node:internal/modules/cjs/loader:1704:20)
    at Object..js (node:internal/modules/cjs/loader:1895:10)
    at Module.load (node:internal/modules/cjs/loader:1465:32)
    at Function._load (node:internal/modules/cjs/loader:1282:12)
    at TracingChannel.traceSync (node:diagnostics_channel:322:14)
    at wrapModuleLoad (node:internal/modules/cjs/loader:235:24)
    at Module.require (node:internal/modules/cjs/loader:1487:12)
    at require (node:internal/modules/helpers:135:16)
    at exports.init (C:\myKKuTu\KKuTu-master\Server\lib\Game\kkutu.js:61:13):2083 [2026. 1. 6. 오후 9:25:33] ERROR: SyntaxError: Unexpected token '}'
C:\myKKuTu\KKuTu-master\Server\lib\Game\games\classic.js:1310
};
^

SyntaxError: Unexpected token '}'
    at wrapSafe (node:internal/modules/cjs/loader:1662:18)
    at Module._compile (node:internal/modules/cjs/loader:1704:20)
    at Object..js (node:internal/modules/cjs/loader:1895:10)
    at Module.load (node:internal/modules/cjs/loader:1465:32)
    at Function._load (node:internal/modules/cjs/loader:1282:12)
    at TracingChannel.traceSync (node:diagnostics_channel:322:14)
    at wrapModuleLoad (node:internal/modules/cjs/loader:235:24)
    at Module.require (node:internal/modules/cjs/loader:1487:12)
    at require (node:internal/modules/helpers:135:16)
    at exports.init (C:\myKKuTu\KKuTu-master\Server\lib\Game\kkutu.js:61:13):2083 [2026. 1. 6. 오후 9:25:43] ERROR: SyntaxError: Unexpected token '}'
C:\myKKuTu\KKuTu-master\Server\lib\Game\games\classic.js:1310
};
^

SyntaxError: Unexpected token '}'
    at wrapSafe (node:internal/modules/cjs/loader:1662:18)
    at Module._compile (node:internal/modules/cjs/loader:1704:20)
    at Object..js (node:internal/modules/cjs/loader:1895:10)
    at Module.load (node:internal/modules/cjs/loader:1465:32)
    at Function._load (node:internal/modules/cjs/loader:1282:12)
    at TracingChannel.traceSync (node:diagnostics_channel:322:14)
    at wrapModuleLoad (node:internal/modules/cjs/loader:235:24)
    at Module.require (node:internal/modules/cjs/loader:1487:12)
    at require (node:internal/modules/helpers:135:16)
    at exports.init (C:\myKKuTu\KKuTu-master\Server\lib\Game\kkutu.js:61:13):2083 [2026. 1. 6. 오후 9:25:53] ERROR: SyntaxError: Unexpected token '}'
C:\myKKuTu\KKuTu-master\Server\lib\Game\games\classic.js:1310
};
^

SyntaxError: Unexpected token '}'
    at wrapSafe (node:internal/modules/cjs/loader:1662:18)
    at Module._compile (node:internal/modules/cjs/loader:1704:20)
    at Object..js (node:internal/modules/cjs/loader:1895:10)
    at Module.load (node:internal/modules/cjs/loader:1465:32)
    at Function._load (node:internal/modules/cjs/loader:1282:12)
    at TracingChannel.traceSync (node:diagnostics_channel:322:14)
    at wrapModuleLoad (node:internal/modules/cjs/loader:235:24)
    at Module.require (node:internal/modules/cjs/loader:1487:12)
    at require (node:internal/modules/helpers:135:16)
    at exports.init (C:\myKKuTu\KKuTu-master\Server\lib\Game\kkutu.js:61:13):2083 [2026. 1. 6. 오후 9:26:04] ERROR: SyntaxError: Unexpected token '}'
C:\myKKuTu\KKuTu-master\Server\lib\Game\games\classic.js:1310
};
^

SyntaxError: Unexpected token '}'
    at wrapSafe (node:internal/modules/cjs/loader:1662:18)
    at Module._compile (node:internal/modules/cjs/loader:1704:20)
    at Object..js (node:internal/modules/cjs/loader:1895:10)
    at Module.load (node:internal/modules/cjs/loader:1465:32)
    at Function._load (node:internal/modules/cjs/loader:1282:12)
    at TracingChannel.traceSync (node:diagnostics_channel:322:14)
    at wrapModuleLoad (node:internal/modules/cjs/loader:235:24)
    at Module.require (node:internal/modules/cjs/loader:1487:12)
    at require (node:internal/modules/helpers:135:16)
    at exports.init (C:\myKKuTu\KKuTu-master\Server\lib\Game\kkutu.js:61:13):2083 [2026. 1. 6. 오후 9:26:14] ERROR: SyntaxError: Unexpected token '}'
C:\myKKuTu\KKuTu-master\Server\lib\Game\games\classic.js:1310
};
^

SyntaxError: Unexpected token '}'
    at wrapSafe (node:internal/modules/cjs/loader:1662:18)
    at Module._compile (node:internal/modules/cjs/loader:1704:20)
    at Object..js (node:internal/modules/cjs/loader:1895:10)
    at Module.load (node:internal/modules/cjs/loader:1465:32)
    at Function._load (node:internal/modules/cjs/loader:1282:12)
    at TracingChannel.traceSync (node:diagnostics_channel:322:14)
    at wrapModuleLoad (node:internal/modules/cjs/loader:235:24)
    at Module.require (node:internal/modules/cjs/loader:1487:12)
    at require (node:internal/modules/helpers:135:16)
    at exports.init (C:\myKKuTu\KKuTu-master\Server\lib\Game\kkutu.js:61:13):2083 [2026. 1. 6. 오후 9:26:25] ERROR: SyntaxError: Unexpected token '}'
C:\myKKuTu\KKuTu-master\Server\lib\Game\games\classic.js:1310
};
^

SyntaxError: Unexpected token '}'
    at wrapSafe (node:internal/modules/cjs/loader:1662:18)
    at Module._compile (node:internal/modules/cjs/loader:1704:20)
    at Object..js (node:internal/modules/cjs/loader:1895:10)
    at Module.load (node:internal/modules/cjs/loader:1465:32)
    at Function._load (node:internal/modules/cjs/loader:1282:12)
    at TracingChannel.traceSync (node:diagnostics_channel:322:14)
    at wrapModuleLoad (node:internal/modules/cjs/loader:235:24)
    at Module.require (node:internal/modules/cjs/loader:1487:12)
    at require (node:internal/modules/helpers:135:16)
    at exports.init (C:\myKKuTu\KKuTu-master\Server\lib\Game\kkutu.js:61:13):2083 [2026. 1. 6. 오후 9:26:35] ERROR: SyntaxError: Unexpected token '}'
C:\myKKuTu\KKuTu-master\Server\lib\Game\games\classic.js:1310
};
^

SyntaxError: Unexpected token '}'
    at wrapSafe (node:internal/modules/cjs/loader:1662:18)
    at Module._compile (node:internal/modules/cjs/loader:1704:20)
    at Object..js (node:internal/modules/cjs/loader:1895:10)
    at Module.load (node:internal/modules/cjs/loader:1465:32)
    at Function._load (node:internal/modules/cjs/loader:1282:12)
    at TracingChannel.traceSync (node:diagnostics_channel:322:14)
    at wrapModuleLoad (node:internal/modules/cjs/loader:235:24)
    at Module.require (node:internal/modules/cjs/loader:1487:12)
    at require (node:internal/modules/helpers:135:16)
    at exports.init (C:\myKKuTu\KKuTu-master\Server\lib\Game\kkutu.js:61:13):2083 [2026. 1. 6. 오후 9:26:46] ERROR: SyntaxError: Unexpected token '}'
C:\myKKuTu\KKuTu-master\Server\lib\Game\games\classic.js:1310
};
^

SyntaxError: Unexpected token '}'
    at wrapSafe (node:internal/modules/cjs/loader:1662:18)
    at Module._compile (node:internal/modules/cjs/loader:1704:20)
    at Object..js (node:internal/modules/cjs/loader:1895:10)
    at Module.load (node:internal/modules/cjs/loader:1465:32)
    at Function._load (node:internal/modules/cjs/loader:1282:12)
    at TracingChannel.traceSync (node:diagnostics_channel:322:14)
    at wrapModuleLoad (node:internal/modules/cjs/loader:235:24)
    at Module.require (node:internal/modules/cjs/loader:1487:12)
    at require (node:internal/modules/helpers:135:16)
    at exports.init (C:\myKKuTu\KKuTu-master\Server\lib\Game\kkutu.js:61:13):2083 [2026. 1. 6. 오후 9:26:56] ERROR: SyntaxError: Unexpected token '}'
C:\myKKuTu\KKuTu-master\Server\lib\Game\games\classic.js:1310
};
^

SyntaxError: Unexpected token '}'
    at wrapSafe (node:internal/modules/cjs/loader:1662:18)
    at Module._compile (node:internal/modules/cjs/loader:1704:20)
    at Object..js (node:internal/modules/cjs/loader:1895:10)
    at Module.load (node:internal/modules/cjs/loader:1465:32)
    at Function._load (node:internal/modules/cjs/loader:1282:12)
    at TracingChannel.traceSync (node:diagnostics_channel:322:14)
    at wrapModuleLoad (node:internal/modules/cjs/loader:235:24)
    at Module.require (node:internal/modules/cjs/loader:1487:12)
    at require (node:internal/modules/helpers:135:16)
    at exports.init (C:\myKKuTu\KKuTu-master\Server\lib\Game\kkutu.js:61:13):2083 [2026. 1. 6. 오후 9:27:07] ERROR: SyntaxError: Unexpected token '}'
C:\myKKuTu\KKuTu-master\Server\lib\Game\games\classic.js:1310
};
^

SyntaxError: Unexpected token '}'
    at wrapSafe (node:internal/modules/cjs/loader:1662:18)
    at Module._compile (node:internal/modules/cjs/loader:1704:20)
    at Object..js (node:internal/modules/cjs/loader:1895:10)
    at Module.load (node:internal/modules/cjs/loader:1465:32)
    at Function._load (node:internal/modules/cjs/loader:1282:12)
    at TracingChannel.traceSync (node:diagnostics_channel:322:14)
    at wrapModuleLoad (node:internal/modules/cjs/loader:235:24)
    at Module.require (node:internal/modules/cjs/loader:1487:12)
    at require (node:internal/modules/helpers:135:16)
    at exports.init (C:\myKKuTu\KKuTu-master\Server\lib\Game\kkutu.js:61:13):2083 [2026. 1. 6. 오후 9:27:17] ERROR: SyntaxError: Unexpected token '}'
C:\myKKuTu\KKuTu-master\Server\lib\Game\games\classic.js:1310
};
^

SyntaxError: Unexpected token '}'
    at wrapSafe (node:internal/modules/cjs/loader:1662:18)
    at Module._compile (node:internal/modules/cjs/loader:1704:20)
    at Object..js (node:internal/modules/cjs/loader:1895:10)
    at Module.load (node:internal/modules/cjs/loader:1465:32)
    at Function._load (node:internal/modules/cjs/loader:1282:12)
    at TracingChannel.traceSync (node:diagnostics_channel:322:14)
    at wrapModuleLoad (node:internal/modules/cjs/loader:235:24)
    at Module.require (node:internal/modules/cjs/loader:1487:12)
    at require (node:internal/modules/helpers:135:16)
    at exports.init (C:\myKKuTu\KKuTu-master\Server\lib\Game\kkutu.js:61:13):2083 [2026. 1. 6. 오후 9:27:28] ERROR: SyntaxError: Unexpected token '}'
C:\myKKuTu\KKuTu-master\Server\lib\Game\games\classic.js:1310
};
^

SyntaxError: Unexpected token '}'
    at wrapSafe (node:internal/modules/cjs/loader:1662:18)
    at Module._compile (node:internal/modules/cjs/loader:1704:20)
    at Object..js (node:internal/modules/cjs/loader:1895:10)
    at Module.load (node:internal/modules/cjs/loader:1465:32)
    at Function._load (node:internal/modules/cjs/loader:1282:12)
    at TracingChannel.traceSync (node:diagnostics_channel:322:14)
    at wrapModuleLoad (node:internal/modules/cjs/loader:235:24)
    at Module.require (node:internal/modules/cjs/loader:1487:12)
    at require (node:internal/modules/helpers:135:16)
    at exports.init (C:\myKKuTu\KKuTu-master\Server\lib\Game\kkutu.js:61:13):2083 [2026. 1. 6. 오후 9:27:38] ERROR: SyntaxError: Unexpected token '}'
C:\myKKuTu\KKuTu-master\Server\lib\Game\games\classic.js:1310
};
^

SyntaxError: Unexpected token '}'
    at wrapSafe (node:internal/modules/cjs/loader:1662:18)
    at Module._compile (node:internal/modules/cjs/loader:1704:20)
    at Object..js (node:internal/modules/cjs/loader:1895:10)
    at Module.load (node:internal/modules/cjs/loader:1465:32)
    at Function._load (node:internal/modules/cjs/loader:1282:12)
    at TracingChannel.traceSync (node:diagnostics_channel:322:14)
    at wrapModuleLoad (node:internal/modules/cjs/loader:235:24)
    at Module.require (node:internal/modules/cjs/loader:1487:12)
    at require (node:internal/modules/helpers:135:16)
    at exports.init (C:\myKKuTu\KKuTu-master\Server\lib\Game\kkutu.js:61:13):2083 [2026. 1. 6. 오후 9:27:48] ERROR: SyntaxError: Unexpected token '}'
C:\myKKuTu\KKuTu-master\Server\lib\Game\games\classic.js:1310
};
^

SyntaxError: Unexpected token '}'
    at wrapSafe (node:internal/modules/cjs/loader:1662:18)
    at Module._compile (node:internal/modules/cjs/loader:1704:20)
    at Object..js (node:internal/modules/cjs/loader:1895:10)
    at Module.load (node:internal/modules/cjs/loader:1465:32)
    at Function._load (node:internal/modules/cjs/loader:1282:12)
    at TracingChannel.traceSync (node:diagnostics_channel:322:14)
    at wrapModuleLoad (node:internal/modules/cjs/loader:235:24)
    at Module.require (node:internal/modules/cjs/loader:1487:12)
    at require (node:internal/modules/helpers:135:16)
    at exports.init (C:\myKKuTu\KKuTu-master\Server\lib\Game\kkutu.js:61:13):2083 [2026. 1. 6. 오후 9:27:59] ERROR: SyntaxError: Unexpected token '}'
C:\myKKuTu\KKuTu-master\Server\lib\Game\games\classic.js:1310
};
^

SyntaxError: Unexpected token '}'
    at wrapSafe (node:internal/modules/cjs/loader:1662:18)
    at Module._compile (node:internal/modules/cjs/loader:1704:20)
    at Object..js (node:internal/modules/cjs/loader:1895:10)
    at Module.load (node:internal/modules/cjs/loader:1465:32)
    at Function._load (node:internal/modules/cjs/loader:1282:12)
    at TracingChannel.traceSync (node:diagnostics_channel:322:14)
    at wrapModuleLoad (node:internal/modules/cjs/loader:235:24)
    at Module.require (node:internal/modules/cjs/loader:1487:12)
    at require (node:internal/modules/helpers:135:16)
    at exports.init (C:\myKKuTu\KKuTu-master\Server\lib\Game\kkutu.js:61:13):2083 [2026. 1. 6. 오후 9:28:09] ERROR: SyntaxError: Unexpected token '}'
C:\myKKuTu\KKuTu-master\Server\lib\Game\games\classic.js:1310
};
^

SyntaxError: Unexpected token '}'
    at wrapSafe (node:internal/modules/cjs/loader:1662:18)
    at Module._compile (node:internal/modules/cjs/loader:1704:20)
    at Object..js (node:internal/modules/cjs/loader:1895:10)
    at Module.load (node:internal/modules/cjs/loader:1465:32)
    at Function._load (node:internal/modules/cjs/loader:1282:12)
    at TracingChannel.traceSync (node:diagnostics_channel:322:14)
    at wrapModuleLoad (node:internal/modules/cjs/loader:235:24)
    at Module.require (node:internal/modules/cjs/loader:1487:12)
    at require (node:internal/modules/helpers:135:16)
    at exports.init (C:\myKKuTu\KKuTu-master\Server\lib\Game\kkutu.js:61:13):2083 [2026. 1. 6. 오후 9:28:20] ERROR: SyntaxError: Unexpected token '}'
C:\myKKuTu\KKuTu-master\Server\lib\Game\games\classic.js:1310
};
^

SyntaxError: Unexpected token '}'
    at wrapSafe (node:internal/modules/cjs/loader:1662:18)
    at Module._compile (node:internal/modules/cjs/loader:1704:20)
    at Object..js (node:internal/modules/cjs/loader:1895:10)
    at Module.load (node:internal/modules/cjs/loader:1465:32)
    at Function._load (node:internal/modules/cjs/loader:1282:12)
    at TracingChannel.traceSync (node:diagnostics_channel:322:14)
    at wrapModuleLoad (node:internal/modules/cjs/loader:235:24)
    at Module.require (node:internal/modules/cjs/loader:1487:12)
    at require (node:internal/modules/helpers:135:16)
    at exports.init (C:\myKKuTu\KKuTu-master\Server\lib\Game\kkutu.js:61:13):2083 [2026. 1. 6. 오후 9:28:30] ERROR: SyntaxError: Unexpected token '}'
C:\myKKuTu\KKuTu-master\Server\lib\Game\games\classic.js:1310
};
^

SyntaxError: Unexpected token '}'
    at wrapSafe (node:internal/modules/cjs/loader:1662:18)
    at Module._compile (node:internal/modules/cjs/loader:1704:20)
    at Object..js (node:internal/modules/cjs/loader:1895:10)
    at Module.load (node:internal/modules/cjs/loader:1465:32)
    at Function._load (node:internal/modules/cjs/loader:1282:12)
    at TracingChannel.traceSync (node:diagnostics_channel:322:14)
    at wrapModuleLoad (node:internal/modules/cjs/loader:235:24)
    at Module.require (node:internal/modules/cjs/loader:1487:12)
    at require (node:internal/modules/helpers:135:16)
    at exports.init (C:\myKKuTu\KKuTu-master\Server\lib\Game\kkutu.js:61:13):2083 [2026. 1. 6. 오후 9:28:41] ERROR: SyntaxError: Unexpected token '}'
C:\myKKuTu\KKuTu-master\Server\lib\Game\games\classic.js:1310
};
^

SyntaxError: Unexpected token '}'
    at wrapSafe (node:internal/modules/cjs/loader:1662:18)
    at Module._compile (node:internal/modules/cjs/loader:1704:20)
    at Object..js (node:internal/modules/cjs/loader:1895:10)
    at Module.load (node:internal/modules/cjs/loader:1465:32)
    at Function._load (node:internal/modules/cjs/loader:1282:12)
    at TracingChannel.traceSync (node:diagnostics_channel:322:14)
    at wrapModuleLoad (node:internal/modules/cjs/loader:235:24)
    at Module.require (node:internal/modules/cjs/loader:1487:12)
    at require (node:internal/modules/helpers:135:16)
    at exports.init (C:\myKKuTu\KKuTu-master\Server\lib\Game\kkutu.js:61:13):2083 [2026. 1. 6. 오후 9:28:51] ERROR: SyntaxError: Unexpected token '}'
C:\myKKuTu\KKuTu-master\Server\lib\Game\games\classic.js:1310
};
^

SyntaxError: Unexpected token '}'
    at wrapSafe (node:internal/modules/cjs/loader:1662:18)
    at Module._compile (node:internal/modules/cjs/loader:1704:20)
    at Object..js (node:internal/modules/cjs/loader:1895:10)
    at Module.load (node:internal/modules/cjs/loader:1465:32)
    at Function._load (node:internal/modules/cjs/loader:1282:12)
    at TracingChannel.traceSync (node:diagnostics_channel:322:14)
    at wrapModuleLoad (node:internal/modules/cjs/loader:235:24)
    at Module.require (node:internal/modules/cjs/loader:1487:12)
    at require (node:internal/modules/helpers:135:16)
    at exports.init (C:\myKKuTu\KKuTu-master\Server\lib\Game\kkutu.js:61:13):2083 [2026. 1. 6. 오후 9:29:02] ERROR: SyntaxError: Unexpected token '}'
C:\myKKuTu\KKuTu-master\Server\lib\Game\games\classic.js:1310
};
^

SyntaxError: Unexpected token '}'
    at wrapSafe (node:internal/modules/cjs/loader:1662:18)
    at Module._compile (node:internal/modules/cjs/loader:1704:20)
    at Object..js (node:internal/modules/cjs/loader:1895:10)
    at Module.load (node:internal/modules/cjs/loader:1465:32)
    at Function._load (node:internal/modules/cjs/loader:1282:12)
    at TracingChannel.traceSync (node:diagnostics_channel:322:14)
    at wrapModuleLoad (node:internal/modules/cjs/loader:235:24)
    at Module.require (node:internal/modules/cjs/loader:1487:12)
    at require (node:internal/modules/helpers:135:16)
    at exports.init (C:\myKKuTu\KKuTu-master\Server\lib\Game\kkutu.js:61:13):2083 [2026. 1. 6. 오후 9:29:12] ERROR: SyntaxError: Unexpected token '}'
C:\myKKuTu\KKuTu-master\Server\lib\Game\games\classic.js:1310
};
^

SyntaxError: Unexpected token '}'
    at wrapSafe (node:internal/modules/cjs/loader:1662:18)
    at Module._compile (node:internal/modules/cjs/loader:1704:20)
    at Object..js (node:internal/modules/cjs/loader:1895:10)
    at Module.load (node:internal/modules/cjs/loader:1465:32)
    at Function._load (node:internal/modules/cjs/loader:1282:12)
    at TracingChannel.traceSync (node:diagnostics_channel:322:14)
    at wrapModuleLoad (node:internal/modules/cjs/loader:235:24)
    at Module.require (node:internal/modules/cjs/loader:1487:12)
    at require (node:internal/modules/helpers:135:16)
    at exports.init (C:\myKKuTu\KKuTu-master\Server\lib\Game\kkutu.js:61:13):2083 [2026. 1. 6. 오후 9:29:22] ERROR: SyntaxError: Unexpected token '}'
C:\myKKuTu\KKuTu-master\Server\lib\Game\games\classic.js:1310
};
^

SyntaxError: Unexpected token '}'
    at wrapSafe (node:internal/modules/cjs/loader:1662:18)
    at Module._compile (node:internal/modules/cjs/loader:1704:20)
    at Object..js (node:internal/modules/cjs/loader:1895:10)
    at Module.load (node:internal/modules/cjs/loader:1465:32)
    at Function._load (node:internal/modules/cjs/loader:1282:12)
    at TracingChannel.traceSync (node:diagnostics_channel:322:14)
    at wrapModuleLoad (node:internal/modules/cjs/loader:235:24)
    at Module.require (node:internal/modules/cjs/loader:1487:12)
    at require (node:internal/modules/helpers:135:16)
    at exports.init (C:\myKKuTu\KKuTu-master\Server\lib\Game\kkutu.js:61:13):2083 [2026. 1. 6. 오후 9:29:33] ERROR: SyntaxError: Unexpected token '}'
C:\myKKuTu\KKuTu-master\Server\lib\Game\games\classic.js:1310
};
^

SyntaxError: Unexpected token '}'
    at wrapSafe (node:internal/modules/cjs/loader:1662:18)
    at Module._compile (node:internal/modules/cjs/loader:1704:20)
    at Object..js (node:internal/modules/cjs/loader:1895:10)
    at Module.load (node:internal/modules/cjs/loader:1465:32)
    at Function._load (node:internal/modules/cjs/loader:1282:12)
    at TracingChannel.traceSync (node:diagnostics_channel:322:14)
    at wrapModuleLoad (node:internal/modules/cjs/loader:235:24)
    at Module.require (node:internal/modules/cjs/loader:1487:12)
    at require (node:internal/modules/helpers:135:16)
    at exports.init (C:\myKKuTu\KKuTu-master\Server\lib\Game\kkutu.js:61:13):2083 [2026. 1. 6. 오후 9:29:43] ERROR: SyntaxError: Unexpected token '}'
C:\myKKuTu\KKuTu-master\Server\lib\Game\games\classic.js:1310
};
^

SyntaxError: Unexpected token '}'
    at wrapSafe (node:internal/modules/cjs/loader:1662:18)
    at Module._compile (node:internal/modules/cjs/loader:1704:20)
    at Object..js (node:internal/modules/cjs/loader:1895:10)
    at Module.load (node:internal/modules/cjs/loader:1465:32)
    at Function._load (node:internal/modules/cjs/loader:1282:12)
    at TracingChannel.traceSync (node:diagnostics_channel:322:14)
    at wrapModuleLoad (node:internal/modules/cjs/loader:235:24)
    at Module.require (node:internal/modules/cjs/loader:1487:12)
    at require (node:internal/modules/helpers:135:16)
    at exports.init (C:\myKKuTu\KKuTu-master\Server\lib\Game\kkutu.js:61:13):2083 [2026. 1. 6. 오후 9:29:54] ERROR: SyntaxError: Unexpected token '}'
C:\myKKuTu\KKuTu-master\Server\lib\Game\games\classic.js:1310
};
^

SyntaxError: Unexpected token '}'
    at wrapSafe (node:internal/modules/cjs/loader:1662:18)
    at Module._compile (node:internal/modules/cjs/loader:1704:20)
    at Object..js (node:internal/modules/cjs/loader:1895:10)
    at Module.load (node:internal/modules/cjs/loader:1465:32)
    at Function._load (node:internal/modules/cjs/loader:1282:12)
    at TracingChannel.traceSync (node:diagnostics_channel:322:14)
    at wrapModuleLoad (node:internal/modules/cjs/loader:235:24)
    at Module.require (node:internal/modules/cjs/loader:1487:12)
    at require (node:internal/modules/helpers:135:16)
    at exports.init (C:\myKKuTu\KKuTu-master\Server\lib\Game\kkutu.js:61:13):2083 [2026. 1. 6. 오후 9:30:04] ERROR: SyntaxError: Unexpected token '}'
C:\myKKuTu\KKuTu-master\Server\lib\Game\games\classic.js:1310
};
^

SyntaxError: Unexpected token '}'
    at wrapSafe (node:internal/modules/cjs/loader:1662:18)
    at Module._compile (node:internal/modules/cjs/loader:1704:20)
    at Object..js (node:internal/modules/cjs/loader:1895:10)
    at Module.load (node:internal/modules/cjs/loader:1465:32)
    at Function._load (node:internal/modules/cjs/loader:1282:12)
    at TracingChannel.traceSync (node:diagnostics_channel:322:14)
    at wrapModuleLoad (node:internal/modules/cjs/loader:235:24)
    at Module.require (node:internal/modules/cjs/loader:1487:12)
    at require (node:internal/modules/helpers:135:16)
    at exports.init (C:\myKKuTu\KKuTu-master\Server\lib\Game\kkutu.js:61:13):2083 [2026. 1. 6. 오후 9:30:15] ERROR: SyntaxError: Unexpected token '}'
C:\myKKuTu\KKuTu-master\Server\lib\Game\games\classic.js:1310
};
^

SyntaxError: Unexpected token '}'
    at wrapSafe (node:internal/modules/cjs/loader:1662:18)
    at Module._compile (node:internal/modules/cjs/loader:1704:20)
    at Object..js (node:internal/modules/cjs/loader:1895:10)
    at Module.load (node:internal/modules/cjs/loader:1465:32)
    at Function._load (node:internal/modules/cjs/loader:1282:12)
    at TracingChannel.traceSync (node:diagnostics_channel:322:14)
    at wrapModuleLoad (node:internal/modules/cjs/loader:235:24)
    at Module.require (node:internal/modules/cjs/loader:1487:12)
    at require (node:internal/modules/helpers:135:16)
    at exports.init (C:\myKKuTu\KKuTu-master\Server\lib\Game\kkutu.js:61:13):2083 [2026. 1. 6. 오후 9:30:25] ERROR: SyntaxError: Unexpected token '}'
C:\myKKuTu\KKuTu-master\Server\lib\Game\games\classic.js:1310
};
^

SyntaxError: Unexpected token '}'
    at wrapSafe (node:internal/modules/cjs/loader:1662:18)
    at Module._compile (node:internal/modules/cjs/loader:1704:20)
    at Object..js (node:internal/modules/cjs/loader:1895:10)
    at Module.load (node:internal/modules/cjs/loader:1465:32)
    at Function._load (node:internal/modules/cjs/loader:1282:12)
    at TracingChannel.traceSync (node:diagnostics_channel:322:14)
    at wrapModuleLoad (node:internal/modules/cjs/loader:235:24)
    at Module.require (node:internal/modules/cjs/loader:1487:12)
    at require (node:internal/modules/helpers:135:16)
    at exports.init (C:\myKKuTu\KKuTu-master\Server\lib\Game\kkutu.js:61:13):2083 [2026. 1. 6. 오후 9:30:36] ERROR: SyntaxError: Unexpected token '}'
C:\myKKuTu\KKuTu-master\Server\lib\Game\games\classic.js:1310
};
^

SyntaxError: Unexpected token '}'
    at wrapSafe (node:internal/modules/cjs/loader:1662:18)
    at Module._compile (node:internal/modules/cjs/loader:1704:20)
    at Object..js (node:internal/modules/cjs/loader:1895:10)
    at Module.load (node:internal/modules/cjs/loader:1465:32)
    at Function._load (node:internal/modules/cjs/loader:1282:12)
    at TracingChannel.traceSync (node:diagnostics_channel:322:14)
    at wrapModuleLoad (node:internal/modules/cjs/loader:235:24)
    at Module.require (node:internal/modules/cjs/loader:1487:12)
    at require (node:internal/modules/helpers:135:16)
    at exports.init (C:\myKKuTu\KKuTu-master\Server\lib\Game\kkutu.js:61:13):2083 [2026. 1. 6. 오후 9:30:46] ERROR: SyntaxError: Unexpected token '}'
C:\myKKuTu\KKuTu-master\Server\lib\Game\games\classic.js:1310
};
^

SyntaxError: Unexpected token '}'
    at wrapSafe (node:internal/modules/cjs/loader:1662:18)
    at Module._compile (node:internal/modules/cjs/loader:1704:20)
    at Object..js (node:internal/modules/cjs/loader:1895:10)
    at Module.load (node:internal/modules/cjs/loader:1465:32)
    at Function._load (node:internal/modules/cjs/loader:1282:12)
    at TracingChannel.traceSync (node:diagnostics_channel:322:14)
    at wrapModuleLoad (node:internal/modules/cjs/loader:235:24)
    at Module.require (node:internal/modules/cjs/loader:1487:12)
    at require (node:internal/modules/helpers:135:16)
    at exports.init (C:\myKKuTu\KKuTu-master\Server\lib\Game\kkutu.js:61:13):2083 [2026. 1. 6. 오후 9:30:57] ERROR: SyntaxError: Unexpected token '}'
C:\myKKuTu\KKuTu-master\Server\lib\Game\games\classic.js:1310
};
^

SyntaxError: Unexpected token '}'
    at wrapSafe (node:internal/modules/cjs/loader:1662:18)
    at Module._compile (node:internal/modules/cjs/loader:1704:20)
    at Object..js (node:internal/modules/cjs/loader:1895:10)
    at Module.load (node:internal/modules/cjs/loader:1465:32)
    at Function._load (node:internal/modules/cjs/loader:1282:12)
    at TracingChannel.traceSync (node:diagnostics_channel:322:14)
    at wrapModuleLoad (node:internal/modules/cjs/loader:235:24)
    at Module.require (node:internal/modules/cjs/loader:1487:12)
    at require (node:internal/modules/helpers:135:16)
    at exports.init (C:\myKKuTu\KKuTu-master\Server\lib\Game\kkutu.js:61:13):2083 [2026. 1. 6. 오후 9:31:07] ERROR: SyntaxError: Unexpected token '}'
C:\myKKuTu\KKuTu-master\Server\lib\Game\games\classic.js:1310
};
^

SyntaxError: Unexpected token '}'
    at wrapSafe (node:internal/modules/cjs/loader:1662:18)
    at Module._compile (node:internal/modules/cjs/loader:1704:20)
    at Object..js (node:internal/modules/cjs/loader:1895:10)
    at Module.load (node:internal/modules/cjs/loader:1465:32)
    at Function._load (node:internal/modules/cjs/loader:1282:12)
    at TracingChannel.traceSync (node:diagnostics_channel:322:14)
    at wrapModuleLoad (node:internal/modules/cjs/loader:235:24)
    at Module.require (node:internal/modules/cjs/loader:1487:12)
    at require (node:internal/modules/helpers:135:16)
    at exports.init (C:\myKKuTu\KKuTu-master\Server\lib\Game\kkutu.js:61:13):2083 [2026. 1. 6. 오후 9:31:18] ERROR: SyntaxError: Unexpected token '}'
C:\myKKuTu\KKuTu-master\Server\lib\Game\games\classic.js:1310
};
^

SyntaxError: Unexpected token '}'
    at wrapSafe (node:internal/modules/cjs/loader:1662:18)
    at Module._compile (node:internal/modules/cjs/loader:1704:20)
    at Object..js (node:internal/modules/cjs/loader:1895:10)
    at Module.load (node:internal/modules/cjs/loader:1465:32)
    at Function._load (node:internal/modules/cjs/loader:1282:12)
    at TracingChannel.traceSync (node:diagnostics_channel:322:14)
    at wrapModuleLoad (node:internal/modules/cjs/loader:235:24)
    at Module.require (node:internal/modules/cjs/loader:1487:12)
    at require (node:internal/modules/helpers:135:16)
    at exports.init (C:\myKKuTu\KKuTu-master\Server\lib\Game\kkutu.js:61:13):2083 [2026. 1. 6. 오후 9:31:28] ERROR: SyntaxError: Unexpected token '}'
C:\myKKuTu\KKuTu-master\Server\lib\Game\games\classic.js:1310
};
^

SyntaxError: Unexpected token '}'
    at wrapSafe (node:internal/modules/cjs/loader:1662:18)
    at Module._compile (node:internal/modules/cjs/loader:1704:20)
    at Object..js (node:internal/modules/cjs/loader:1895:10)
    at Module.load (node:internal/modules/cjs/loader:1465:32)
    at Function._load (node:internal/modules/cjs/loader:1282:12)
    at TracingChannel.traceSync (node:diagnostics_channel:322:14)
    at wrapModuleLoad (node:internal/modules/cjs/loader:235:24)
    at Module.require (node:internal/modules/cjs/loader:1487:12)
    at require (node:internal/modules/helpers:135:16)
    at exports.init (C:\myKKuTu\KKuTu-master\Server\lib\Game\kkutu.js:61:13):2083 [2026. 1. 6. 오후 9:31:38] ERROR: SyntaxError: Unexpected token '}'
C:\myKKuTu\KKuTu-master\Server\lib\Game\games\classic.js:1310
};
^

SyntaxError: Unexpected token '}'
    at wrapSafe (node:internal/modules/cjs/loader:1662:18)
    at Module._compile (node:internal/modules/cjs/loader:1704:20)
    at Object..js (node:internal/modules/cjs/loader:1895:10)
    at Module.load (node:internal/modules/cjs/loader:1465:32)
    at Function._load (node:internal/modules/cjs/loader:1282:12)
    at TracingChannel.traceSync (node:diagnostics_channel:322:14)
    at wrapModuleLoad (node:internal/modules/cjs/loader:235:24)
    at Module.require (node:internal/modules/cjs/loader:1487:12)
    at require (node:internal/modules/helpers:135:16)
    at exports.init (C:\myKKuTu\KKuTu-master\Server\lib\Game\kkutu.js:61:13):2083 [2026. 1. 6. 오후 9:31:49] ERROR: SyntaxError: Unexpected token '}'
C:\myKKuTu\KKuTu-master\Server\lib\Game\games\classic.js:1310
};
^

SyntaxError: Unexpected token '}'
    at wrapSafe (node:internal/modules/cjs/loader:1662:18)
    at Module._compile (node:internal/modules/cjs/loader:1704:20)
    at Object..js (node:internal/modules/cjs/loader:1895:10)
    at Module.load (node:internal/modules/cjs/loader:1465:32)
    at Function._load (node:internal/modules/cjs/loader:1282:12)
    at TracingChannel.traceSync (node:diagnostics_channel:322:14)
    at wrapModuleLoad (node:internal/modules/cjs/loader:235:24)
    at Module.require (node:internal/modules/cjs/loader:1487:12)
    at require (node:internal/modules/helpers:135:16)
    at exports.init (C:\myKKuTu\KKuTu-master\Server\lib\Game\kkutu.js:61:13):2083 [2026. 1. 6. 오후 9:31:59] ERROR: SyntaxError: Unexpected token '}'
C:\myKKuTu\KKuTu-master\Server\lib\Game\games\classic.js:1310
};
^

SyntaxError: Unexpected token '}'
    at wrapSafe (node:internal/modules/cjs/loader:1662:18)
    at Module._compile (node:internal/modules/cjs/loader:1704:20)
    at Object..js (node:internal/modules/cjs/loader:1895:10)
    at Module.load (node:internal/modules/cjs/loader:1465:32)
    at Function._load (node:internal/modules/cjs/loader:1282:12)
    at TracingChannel.traceSync (node:diagnostics_channel:322:14)
    at wrapModuleLoad (node:internal/modules/cjs/loader:235:24)
    at Module.require (node:internal/modules/cjs/loader:1487:12)
    at require (node:internal/modules/helpers:135:16)
    at exports.init (C:\myKKuTu\KKuTu-master\Server\lib\Game\kkutu.js:61:13):2083 [2026. 1. 6. 오후 9:32:10] ERROR: SyntaxError: Unexpected token '}'
C:\myKKuTu\KKuTu-master\Server\lib\Game\games\classic.js:1310
};
^

SyntaxError: Unexpected token '}'
    at wrapSafe (node:internal/modules/cjs/loader:1662:18)
    at Module._compile (node:internal/modules/cjs/loader:1704:20)
    at Object..js (node:internal/modules/cjs/loader:1895:10)
    at Module.load (node:internal/modules/cjs/loader:1465:32)
    at Function._load (node:internal/modules/cjs/loader:1282:12)
    at TracingChannel.traceSync (node:diagnostics_channel:322:14)
    at wrapModuleLoad (node:internal/modules/cjs/loader:235:24)
    at Module.require (node:internal/modules/cjs/loader:1487:12)
    at require (node:internal/modules/helpers:135:16)
    at exports.init (C:\myKKuTu\KKuTu-master\Server\lib\Game\kkutu.js:61:13):2083 [2026. 1. 6. 오후 9:32:20] ERROR: SyntaxError: Unexpected token '}'
C:\myKKuTu\KKuTu-master\Server\lib\Game\games\classic.js:1310
};
^

SyntaxError: Unexpected token '}'
    at wrapSafe (node:internal/modules/cjs/loader:1662:18)
    at Module._compile (node:internal/modules/cjs/loader:1704:20)
    at Object..js (node:internal/modules/cjs/loader:1895:10)
    at Module.load (node:internal/modules/cjs/loader:1465:32)
    at Function._load (node:internal/modules/cjs/loader:1282:12)
    at TracingChannel.traceSync (node:diagnostics_channel:322:14)
    at wrapModuleLoad (node:internal/modules/cjs/loader:235:24)
    at Module.require (node:internal/modules/cjs/loader:1487:12)
    at require (node:internal/modules/helpers:135:16)
    at exports.init (C:\myKKuTu\KKuTu-master\Server\lib\Game\kkutu.js:61:13):2083 [2026. 1. 6. 오후 9:32:31] ERROR: SyntaxError: Unexpected token '}'
C:\myKKuTu\KKuTu-master\Server\lib\Game\games\classic.js:1310
};
^

SyntaxError: Unexpected token '}'
    at wrapSafe (node:internal/modules/cjs/loader:1662:18)
    at Module._compile (node:internal/modules/cjs/loader:1704:20)
    at Object..js (node:internal/modules/cjs/loader:1895:10)
    at Module.load (node:internal/modules/cjs/loader:1465:32)
    at Function._load (node:internal/modules/cjs/loader:1282:12)
    at TracingChannel.traceSync (node:diagnostics_channel:322:14)
    at wrapModuleLoad (node:internal/modules/cjs/loader:235:24)
    at Module.require (node:internal/modules/cjs/loader:1487:12)
    at require (node:internal/modules/helpers:135:16)
    at exports.init (C:\myKKuTu\KKuTu-master\Server\lib\Game\kkutu.js:61:13):2083 [2026. 1. 6. 오후 9:32:41] ERROR: SyntaxError: Unexpected token '}'
C:\myKKuTu\KKuTu-master\Server\lib\Game\games\classic.js:1310
};
^

SyntaxError: Unexpected token '}'
    at wrapSafe (node:internal/modules/cjs/loader:1662:18)
    at Module._compile (node:internal/modules/cjs/loader:1704:20)
    at Object..js (node:internal/modules/cjs/loader:1895:10)
    at Module.load (node:internal/modules/cjs/loader:1465:32)
    at Function._load (node:internal/modules/cjs/loader:1282:12)
    at TracingChannel.traceSync (node:diagnostics_channel:322:14)
    at wrapModuleLoad (node:internal/modules/cjs/loader:235:24)
    at Module.require (node:internal/modules/cjs/loader:1487:12)
    at require (node:internal/modules/helpers:135:16)
    at exports.init (C:\myKKuTu\KKuTu-master\Server\lib\Game\kkutu.js:61:13):2083 [2026. 1. 6. 오후 9:32:51] ERROR: SyntaxError: Unexpected token '}'
C:\myKKuTu\KKuTu-master\Server\lib\Game\games\classic.js:1310
};
^

SyntaxError: Unexpected token '}'
    at wrapSafe (node:internal/modules/cjs/loader:1662:18)
    at Module._compile (node:internal/modules/cjs/loader:1704:20)
    at Object..js (node:internal/modules/cjs/loader:1895:10)
    at Module.load (node:internal/modules/cjs/loader:1465:32)
    at Function._load (node:internal/modules/cjs/loader:1282:12)
    at TracingChannel.traceSync (node:diagnostics_channel:322:14)
    at wrapModuleLoad (node:internal/modules/cjs/loader:235:24)
    at Module.require (node:internal/modules/cjs/loader:1487:12)
    at require (node:internal/modules/helpers:135:16)
    at exports.init (C:\myKKuTu\KKuTu-master\Server\lib\Game\kkutu.js:61:13):2083 [2026. 1. 6. 오후 9:33:02] ERROR: SyntaxError: Unexpected token '}'
C:\myKKuTu\KKuTu-master\Server\lib\Game\games\classic.js:1310
};
^

SyntaxError: Unexpected token '}'
    at wrapSafe (node:internal/modules/cjs/loader:1662:18)
    at Module._compile (node:internal/modules/cjs/loader:1704:20)
    at Object..js (node:internal/modules/cjs/loader:1895:10)
    at Module.load (node:internal/modules/cjs/loader:1465:32)
    at Function._load (node:internal/modules/cjs/loader:1282:12)
    at TracingChannel.traceSync (node:diagnostics_channel:322:14)
    at wrapModuleLoad (node:internal/modules/cjs/loader:235:24)
    at Module.require (node:internal/modules/cjs/loader:1487:12)
    at require (node:internal/modules/helpers:135:16)
    at exports.init (C:\myKKuTu\KKuTu-master\Server\lib\Game\kkutu.js:61:13):2083 [2026. 1. 6. 오후 9:33:12] ERROR: SyntaxError: Unexpected token '}'
C:\myKKuTu\KKuTu-master\Server\lib\Game\games\classic.js:1310
};
^

SyntaxError: Unexpected token '}'
    at wrapSafe (node:internal/modules/cjs/loader:1662:18)
    at Module._compile (node:internal/modules/cjs/loader:1704:20)
    at Object..js (node:internal/modules/cjs/loader:1895:10)
    at Module.load (node:internal/modules/cjs/loader:1465:32)
    at Function._load (node:internal/modules/cjs/loader:1282:12)
    at TracingChannel.traceSync (node:diagnostics_channel:322:14)
    at wrapModuleLoad (node:internal/modules/cjs/loader:235:24)
    at Module.require (node:internal/modules/cjs/loader:1487:12)
    at require (node:internal/modules/helpers:135:16)
    at exports.init (C:\myKKuTu\KKuTu-master\Server\lib\Game\kkutu.js:61:13):2083 [2026. 1. 6. 오후 9:33:23] ERROR: SyntaxError: Unexpected token '}'
C:\myKKuTu\KKuTu-master\Server\lib\Game\games\classic.js:1310
};
^

SyntaxError: Unexpected token '}'
    at wrapSafe (node:internal/modules/cjs/loader:1662:18)
    at Module._compile (node:internal/modules/cjs/loader:1704:20)
    at Object..js (node:internal/modules/cjs/loader:1895:10)
    at Module.load (node:internal/modules/cjs/loader:1465:32)
    at Function._load (node:internal/modules/cjs/loader:1282:12)
    at TracingChannel.traceSync (node:diagnostics_channel:322:14)
    at wrapModuleLoad (node:internal/modules/cjs/loader:235:24)
    at Module.require (node:internal/modules/cjs/loader:1487:12)
    at require (node:internal/modules/helpers:135:16)
    at exports.init (C:\myKKuTu\KKuTu-master\Server\lib\Game\kkutu.js:61:13):2083 [2026. 1. 6. 오후 9:33:33] ERROR: SyntaxError: Unexpected token '}'
C:\myKKuTu\KKuTu-master\Server\lib\Game\games\classic.js:1310
};
^

SyntaxError: Unexpected token '}'
    at wrapSafe (node:internal/modules/cjs/loader:1662:18)
    at Module._compile (node:internal/modules/cjs/loader:1704:20)
    at Object..js (node:internal/modules/cjs/loader:1895:10)
    at Module.load (node:internal/modules/cjs/loader:1465:32)
    at Function._load (node:internal/modules/cjs/loader:1282:12)
    at TracingChannel.traceSync (node:diagnostics_channel:322:14)
    at wrapModuleLoad (node:internal/modules/cjs/loader:235:24)
    at Module.require (node:internal/modules/cjs/loader:1487:12)
    at require (node:internal/modules/helpers:135:16)
    at exports.init (C:\myKKuTu\KKuTu-master\Server\lib\Game\kkutu.js:61:13):2083 [2026. 1. 6. 오후 9:33:44] ERROR: SyntaxError: Unexpected token '}'
C:\myKKuTu\KKuTu-master\Server\lib\Game\games\classic.js:1310
};
^

SyntaxError: Unexpected token '}'
    at wrapSafe (node:internal/modules/cjs/loader:1662:18)
    at Module._compile (node:internal/modules/cjs/loader:1704:20)
    at Object..js (node:internal/modules/cjs/loader:1895:10)
    at Module.load (node:internal/modules/cjs/loader:1465:32)
    at Function._load (node:internal/modules/cjs/loader:1282:12)
    at TracingChannel.traceSync (node:diagnostics_channel:322:14)
    at wrapModuleLoad (node:internal/modules/cjs/loader:235:24)
    at Module.require (node:internal/modules/cjs/loader:1487:12)
    at require (node:internal/modules/helpers:135:16)
    at exports.init (C:\myKKuTu\KKuTu-master\Server\lib\Game\kkutu.js:61:13):2083 [2026. 1. 6. 오후 9:33:54] ERROR: SyntaxError: Unexpected token '}'
C:\myKKuTu\KKuTu-master\Server\lib\Game\games\classic.js:1310
};
^

SyntaxError: Unexpected token '}'
    at wrapSafe (node:internal/modules/cjs/loader:1662:18)
    at Module._compile (node:internal/modules/cjs/loader:1704:20)
    at Object..js (node:internal/modules/cjs/loader:1895:10)
    at Module.load (node:internal/modules/cjs/loader:1465:32)
    at Function._load (node:internal/modules/cjs/loader:1282:12)
    at TracingChannel.traceSync (node:diagnostics_channel:322:14)
    at wrapModuleLoad (node:internal/modules/cjs/loader:235:24)
    at Module.require (node:internal/modules/cjs/loader:1487:12)
    at require (node:internal/modules/helpers:135:16)
    at exports.init (C:\myKKuTu\KKuTu-master\Server\lib\Game\kkutu.js:61:13):2083 [2026. 1. 6. 오후 9:34:04] ERROR: SyntaxError: Unexpected token '}'
C:\myKKuTu\KKuTu-master\Server\lib\Game\games\classic.js:1310
};
^

SyntaxError: Unexpected token '}'
    at wrapSafe (node:internal/modules/cjs/loader:1662:18)
    at Module._compile (node:internal/modules/cjs/loader:1704:20)
    at Object..js (node:internal/modules/cjs/loader:1895:10)
    at Module.load (node:internal/modules/cjs/loader:1465:32)
    at Function._load (node:internal/modules/cjs/loader:1282:12)
    at TracingChannel.traceSync (node:diagnostics_channel:322:14)
    at wrapModuleLoad (node:internal/modules/cjs/loader:235:24)
    at Module.require (node:internal/modules/cjs/loader:1487:12)
    at require (node:internal/modules/helpers:135:16)
    at exports.init (C:\myKKuTu\KKuTu-master\Server\lib\Game\kkutu.js:61:13):2083 [2026. 1. 6. 오후 9:34:15] ERROR: SyntaxError: Unexpected token '}'
C:\myKKuTu\KKuTu-master\Server\lib\Game\games\classic.js:1310
};
^

SyntaxError: Unexpected token '}'
    at wrapSafe (node:internal/modules/cjs/loader:1662:18)
    at Module._compile (node:internal/modules/cjs/loader:1704:20)
    at Object..js (node:internal/modules/cjs/loader:1895:10)
    at Module.load (node:internal/modules/cjs/loader:1465:32)
    at Function._load (node:internal/modules/cjs/loader:1282:12)
    at TracingChannel.traceSync (node:diagnostics_channel:322:14)
    at wrapModuleLoad (node:internal/modules/cjs/loader:235:24)
    at Module.require (node:internal/modules/cjs/loader:1487:12)
    at require (node:internal/modules/helpers:135:16)
    at exports.init (C:\myKKuTu\KKuTu-master\Server\lib\Game\kkutu.js:61:13):2083 [2026. 1. 6. 오후 9:34:25] ERROR: SyntaxError: Unexpected token '}'
C:\myKKuTu\KKuTu-master\Server\lib\Game\games\classic.js:1310
};
^

SyntaxError: Unexpected token '}'
    at wrapSafe (node:internal/modules/cjs/loader:1662:18)
    at Module._compile (node:internal/modules/cjs/loader:1704:20)
    at Object..js (node:internal/modules/cjs/loader:1895:10)
    at Module.load (node:internal/modules/cjs/loader:1465:32)
    at Function._load (node:internal/modules/cjs/loader:1282:12)
    at TracingChannel.traceSync (node:diagnostics_channel:322:14)
    at wrapModuleLoad (node:internal/modules/cjs/loader:235:24)
    at Module.require (node:internal/modules/cjs/loader:1487:12)
    at require (node:internal/modules/helpers:135:16)
    at exports.init (C:\myKKuTu\KKuTu-master\Server\lib\Game\kkutu.js:61:13):2083 [2026. 1. 6. 오후 9:34:36] ERROR: SyntaxError: Unexpected token '}'
C:\myKKuTu\KKuTu-master\Server\lib\Game\games\classic.js:1310
};
^

SyntaxError: Unexpected token '}'
    at wrapSafe (node:internal/modules/cjs/loader:1662:18)
    at Module._compile (node:internal/modules/cjs/loader:1704:20)
    at Object..js (node:internal/modules/cjs/loader:1895:10)
    at Module.load (node:internal/modules/cjs/loader:1465:32)
    at Function._load (node:internal/modules/cjs/loader:1282:12)
    at TracingChannel.traceSync (node:diagnostics_channel:322:14)
    at wrapModuleLoad (node:internal/modules/cjs/loader:235:24)
    at Module.require (node:internal/modules/cjs/loader:1487:12)
    at require (node:internal/modules/helpers:135:16)
    at exports.init (C:\myKKuTu\KKuTu-master\Server\lib\Game\kkutu.js:61:13):2083 [2026. 1. 6. 오후 9:34:46] ERROR: SyntaxError: Unexpected token '}'
C:\myKKuTu\KKuTu-master\Server\lib\Game\games\classic.js:1310
};
^

SyntaxError: Unexpected token '}'
    at wrapSafe (node:internal/modules/cjs/loader:1662:18)
    at Module._compile (node:internal/modules/cjs/loader:1704:20)
    at Object..js (node:internal/modules/cjs/loader:1895:10)
    at Module.load (node:internal/modules/cjs/loader:1465:32)
    at Function._load (node:internal/modules/cjs/loader:1282:12)
    at TracingChannel.traceSync (node:diagnostics_channel:322:14)
    at wrapModuleLoad (node:internal/modules/cjs/loader:235:24)
    at Module.require (node:internal/modules/cjs/loader:1487:12)
    at require (node:internal/modules/helpers:135:16)
    at exports.init (C:\myKKuTu\KKuTu-master\Server\lib\Game\kkutu.js:61:13):2083 [2026. 1. 6. 오후 9:34:57] ERROR: SyntaxError: Unexpected token '}'
C:\myKKuTu\KKuTu-master\Server\lib\Game\games\classic.js:1310
};
^

SyntaxError: Unexpected token '}'
    at wrapSafe (node:internal/modules/cjs/loader:1662:18)
    at Module._compile (node:internal/modules/cjs/loader:1704:20)
    at Object..js (node:internal/modules/cjs/loader:1895:10)
    at Module.load (node:internal/modules/cjs/loader:1465:32)
    at Function._load (node:internal/modules/cjs/loader:1282:12)
    at TracingChannel.traceSync (node:diagnostics_channel:322:14)
    at wrapModuleLoad (node:internal/modules/cjs/loader:235:24)
    at Module.require (node:internal/modules/cjs/loader:1487:12)
    at require (node:internal/modules/helpers:135:16)
    at exports.init (C:\myKKuTu\KKuTu-master\Server\lib\Game\kkutu.js:61:13):2083 [2026. 1. 6. 오후 9:35:07] ERROR: SyntaxError: Unexpected token '}'
C:\myKKuTu\KKuTu-master\Server\lib\Game\games\classic.js:1310
};
^

SyntaxError: Unexpected token '}'
    at wrapSafe (node:internal/modules/cjs/loader:1662:18)
    at Module._compile (node:internal/modules/cjs/loader:1704:20)
    at Object..js (node:internal/modules/cjs/loader:1895:10)
    at Module.load (node:internal/modules/cjs/loader:1465:32)
    at Function._load (node:internal/modules/cjs/loader:1282:12)
    at TracingChannel.traceSync (node:diagnostics_channel:322:14)
    at wrapModuleLoad (node:internal/modules/cjs/loader:235:24)
    at Module.require (node:internal/modules/cjs/loader:1487:12)
    at require (node:internal/modules/helpers:135:16)
    at exports.init (C:\myKKuTu\KKuTu-master\Server\lib\Game\kkutu.js:61:13):2083 [2026. 1. 6. 오후 9:35:18] ERROR: SyntaxError: Unexpected token '}'
C:\myKKuTu\KKuTu-master\Server\lib\Game\games\classic.js:1310
};
^

SyntaxError: Unexpected token '}'
    at wrapSafe (node:internal/modules/cjs/loader:1662:18)
    at Module._compile (node:internal/modules/cjs/loader:1704:20)
    at Object..js (node:internal/modules/cjs/loader:1895:10)
    at Module.load (node:internal/modules/cjs/loader:1465:32)
    at Function._load (node:internal/modules/cjs/loader:1282:12)
    at TracingChannel.traceSync (node:diagnostics_channel:322:14)
    at wrapModuleLoad (node:internal/modules/cjs/loader:235:24)
    at Module.require (node:internal/modules/cjs/loader:1487:12)
    at require (node:internal/modules/helpers:135:16)
    at exports.init (C:\myKKuTu\KKuTu-master\Server\lib\Game\kkutu.js:61:13):2083 [2026. 1. 6. 오후 9:35:28] ERROR: SyntaxError: Unexpected token '}'
C:\myKKuTu\KKuTu-master\Server\lib\Game\games\classic.js:1284
};
^

SyntaxError: Unexpected token '}'
    at wrapSafe (node:internal/modules/cjs/loader:1662:18)
    at Module._compile (node:internal/modules/cjs/loader:1704:20)
    at Object..js (node:internal/modules/cjs/loader:1895:10)
    at Module.load (node:internal/modules/cjs/loader:1465:32)
    at Function._load (node:internal/modules/cjs/loader:1282:12)
    at TracingChannel.traceSync (node:diagnostics_channel:322:14)
    at wrapModuleLoad (node:internal/modules/cjs/loader:235:24)
    at Module.require (node:internal/modules/cjs/loader:1487:12)
    at require (node:internal/modules/helpers:135:16)
    at exports.init (C:\myKKuTu\KKuTu-master\Server\lib\Game\kkutu.js:61:13):2083 [2026. 1. 6. 오후 9:35:39] ERROR: SyntaxError: Unexpected token '}'
C:\myKKuTu\KKuTu-master\Server\lib\Game\games\classic.js:1284
};
^

SyntaxError: Unexpected token '}'
    at wrapSafe (node:internal/modules/cjs/loader:1662:18)
    at Module._compile (node:internal/modules/cjs/loader:1704:20)
    at Object..js (node:internal/modules/cjs/loader:1895:10)
    at Module.load (node:internal/modules/cjs/loader:1465:32)
    at Function._load (node:internal/modules/cjs/loader:1282:12)
    at TracingChannel.traceSync (node:diagnostics_channel:322:14)
    at wrapModuleLoad (node:internal/modules/cjs/loader:235:24)
    at Module.require (node:internal/modules/cjs/loader:1487:12)
    at require (node:internal/modules/helpers:135:16)
    at exports.init (C:\myKKuTu\KKuTu-master\Server\lib\Game\kkutu.js:61:13):2083 [2026. 1. 6. 오후 9:35:49] ERROR: SyntaxError: Unexpected token '}'
C:\myKKuTu\KKuTu-master\Server\lib\Game\games\classic.js:1284
};
^

SyntaxError: Unexpected token '}'
    at wrapSafe (node:internal/modules/cjs/loader:1662:18)
    at Module._compile (node:internal/modules/cjs/loader:1704:20)
    at Object..js (node:internal/modules/cjs/loader:1895:10)
    at Module.load (node:internal/modules/cjs/loader:1465:32)
    at Function._load (node:internal/modules/cjs/loader:1282:12)
    at TracingChannel.traceSync (node:diagnostics_channel:322:14)
    at wrapModuleLoad (node:internal/modules/cjs/loader:235:24)
    at Module.require (node:internal/modules/cjs/loader:1487:12)
    at require (node:internal/modules/helpers:135:16)
    at exports.init (C:\myKKuTu\KKuTu-master\Server\lib\Game\kkutu.js:61:13):2083 [2026. 1. 6. 오후 9:35:59] ERROR: SyntaxError: Unexpected token '}'
C:\myKKuTu\KKuTu-master\Server\lib\Game\games\classic.js:1284
};
^

SyntaxError: Unexpected token '}'
    at wrapSafe (node:internal/modules/cjs/loader:1662:18)
    at Module._compile (node:internal/modules/cjs/loader:1704:20)
    at Object..js (node:internal/modules/cjs/loader:1895:10)
    at Module.load (node:internal/modules/cjs/loader:1465:32)
    at Function._load (node:internal/modules/cjs/loader:1282:12)
    at TracingChannel.traceSync (node:diagnostics_channel:322:14)
    at wrapModuleLoad (node:internal/modules/cjs/loader:235:24)
    at Module.require (node:internal/modules/cjs/loader:1487:12)
    at require (node:internal/modules/helpers:135:16)
    at exports.init (C:\myKKuTu\KKuTu-master\Server\lib\Game\kkutu.js:61:13):2083 [2026. 1. 6. 오후 9:36:10] ERROR: SyntaxError: Unexpected token '}'
C:\myKKuTu\KKuTu-master\Server\lib\Game\games\classic.js:1226
};
^

SyntaxError: Unexpected token '}'
    at wrapSafe (node:internal/modules/cjs/loader:1662:18)
    at Module._compile (node:internal/modules/cjs/loader:1704:20)
    at Object..js (node:internal/modules/cjs/loader:1895:10)
    at Module.load (node:internal/modules/cjs/loader:1465:32)
    at Function._load (node:internal/modules/cjs/loader:1282:12)
    at TracingChannel.traceSync (node:diagnostics_channel:322:14)
    at wrapModuleLoad (node:internal/modules/cjs/loader:235:24)
    at Module.require (node:internal/modules/cjs/loader:1487:12)
    at require (node:internal/modules/helpers:135:16)
    at exports.init (C:\myKKuTu\KKuTu-master\Server\lib\Game\kkutu.js:61:13):2083 [2026. 1. 6. 오후 9:36:20] ERROR: SyntaxError: Unexpected token '}'
C:\myKKuTu\KKuTu-master\Server\lib\Game\games\classic.js:1226
};
^

SyntaxError: Unexpected token '}'
    at wrapSafe (node:internal/modules/cjs/loader:1662:18)
    at Module._compile (node:internal/modules/cjs/loader:1704:20)
    at Object..js (node:internal/modules/cjs/loader:1895:10)
    at Module.load (node:internal/modules/cjs/loader:1465:32)
    at Function._load (node:internal/modules/cjs/loader:1282:12)
    at TracingChannel.traceSync (node:diagnostics_channel:322:14)
    at wrapModuleLoad (node:internal/modules/cjs/loader:235:24)
    at Module.require (node:internal/modules/cjs/loader:1487:12)
    at require (node:internal/modules/helpers:135:16)
    at exports.init (C:\myKKuTu\KKuTu-master\Server\lib\Game\kkutu.js:61:13):2083 [2026. 1. 6. 오후 9:36:31] ERROR: SyntaxError: Unexpected token '}'
C:\myKKuTu\KKuTu-master\Server\lib\Game\games\classic.js:1226
};
^

SyntaxError: Unexpected token '}'
    at wrapSafe (node:internal/modules/cjs/loader:1662:18)
    at Module._compile (node:internal/modules/cjs/loader:1704:20)
    at Object..js (node:internal/modules/cjs/loader:1895:10)
    at Module.load (node:internal/modules/cjs/loader:1465:32)
    at Function._load (node:internal/modules/cjs/loader:1282:12)
    at TracingChannel.traceSync (node:diagnostics_channel:322:14)
    at wrapModuleLoad (node:internal/modules/cjs/loader:235:24)
    at Module.require (node:internal/modules/cjs/loader:1487:12)
    at require (node:internal/modules/helpers:135:16)
    at exports.init (C:\myKKuTu\KKuTu-master\Server\lib\Game\kkutu.js:61:13):2083 [2026. 1. 6. 오후 9:36:41] ERROR: SyntaxError: Unexpected token '}'
C:\myKKuTu\KKuTu-master\Server\lib\Game\games\classic.js:1226
};
^

SyntaxError: Unexpected token '}'
    at wrapSafe (node:internal/modules/cjs/loader:1662:18)
    at Module._compile (node:internal/modules/cjs/loader:1704:20)
    at Object..js (node:internal/modules/cjs/loader:1895:10)
    at Module.load (node:internal/modules/cjs/loader:1465:32)
    at Function._load (node:internal/modules/cjs/loader:1282:12)
    at TracingChannel.traceSync (node:diagnostics_channel:322:14)
    at wrapModuleLoad (node:internal/modules/cjs/loader:235:24)
    at Module.require (node:internal/modules/cjs/loader:1487:12)
    at require (node:internal/modules/helpers:135:16)
    at exports.init (C:\myKKuTu\KKuTu-master\Server\lib\Game\kkutu.js:61:13):2083 [2026. 1. 6. 오후 9:36:52] ERROR: SyntaxError: Unexpected token '}'
C:\myKKuTu\KKuTu-master\Server\lib\Game\games\classic.js:1226
};
^

SyntaxError: Unexpected token '}'
    at wrapSafe (node:internal/modules/cjs/loader:1662:18)
    at Module._compile (node:internal/modules/cjs/loader:1704:20)
    at Object..js (node:internal/modules/cjs/loader:1895:10)
    at Module.load (node:internal/modules/cjs/loader:1465:32)
    at Function._load (node:internal/modules/cjs/loader:1282:12)
    at TracingChannel.traceSync (node:diagnostics_channel:322:14)
    at wrapModuleLoad (node:internal/modules/cjs/loader:235:24)
    at Module.require (node:internal/modules/cjs/loader:1487:12)
    at require (node:internal/modules/helpers:135:16)
    at exports.init (C:\myKKuTu\KKuTu-master\Server\lib\Game\kkutu.js:61:13):2083 [2026. 1. 6. 오후 9:37:02] ERROR: SyntaxError: Unexpected token '}'
C:\myKKuTu\KKuTu-master\Server\lib\Game\games\classic.js:1226
};
^

SyntaxError: Unexpected token '}'
    at wrapSafe (node:internal/modules/cjs/loader:1662:18)
    at Module._compile (node:internal/modules/cjs/loader:1704:20)
    at Object..js (node:internal/modules/cjs/loader:1895:10)
    at Module.load (node:internal/modules/cjs/loader:1465:32)
    at Function._load (node:internal/modules/cjs/loader:1282:12)
    at TracingChannel.traceSync (node:diagnostics_channel:322:14)
    at wrapModuleLoad (node:internal/modules/cjs/loader:235:24)
    at Module.require (node:internal/modules/cjs/loader:1487:12)
    at require (node:internal/modules/helpers:135:16)
    at exports.init (C:\myKKuTu\KKuTu-master\Server\lib\Game\kkutu.js:61:13):2083 [2026. 1. 6. 오후 9:37:13] ERROR: SyntaxError: Unexpected token '}'
C:\myKKuTu\KKuTu-master\Server\lib\Game\games\classic.js:1226
};
^

SyntaxError: Unexpected token '}'
    at wrapSafe (node:internal/modules/cjs/loader:1662:18)
    at Module._compile (node:internal/modules/cjs/loader:1704:20)
    at Object..js (node:internal/modules/cjs/loader:1895:10)
    at Module.load (node:internal/modules/cjs/loader:1465:32)
    at Function._load (node:internal/modules/cjs/loader:1282:12)
    at TracingChannel.traceSync (node:diagnostics_channel:322:14)
    at wrapModuleLoad (node:internal/modules/cjs/loader:235:24)
    at Module.require (node:internal/modules/cjs/loader:1487:12)
    at require (node:internal/modules/helpers:135:16)
    at exports.init (C:\myKKuTu\KKuTu-master\Server\lib\Game\kkutu.js:61:13):2083 [2026. 1. 6. 오후 9:37:23] ERROR: SyntaxError: Unexpected token '}'
C:\myKKuTu\KKuTu-master\Server\lib\Game\games\classic.js:1226
};
^

SyntaxError: Unexpected token '}'
    at wrapSafe (node:internal/modules/cjs/loader:1662:18)
    at Module._compile (node:internal/modules/cjs/loader:1704:20)
    at Object..js (node:internal/modules/cjs/loader:1895:10)
    at Module.load (node:internal/modules/cjs/loader:1465:32)
    at Function._load (node:internal/modules/cjs/loader:1282:12)
    at TracingChannel.traceSync (node:diagnostics_channel:322:14)
    at wrapModuleLoad (node:internal/modules/cjs/loader:235:24)
    at Module.require (node:internal/modules/cjs/loader:1487:12)
    at require (node:internal/modules/helpers:135:16)
    at exports.init (C:\myKKuTu\KKuTu-master\Server\lib\Game\kkutu.js:61:13):2083 [2026. 1. 6. 오후 9:37:33] ERROR: SyntaxError: Unexpected token '}'
C:\myKKuTu\KKuTu-master\Server\lib\Game\games\classic.js:1226
};
^

SyntaxError: Unexpected token '}'
    at wrapSafe (node:internal/modules/cjs/loader:1662:18)
    at Module._compile (node:internal/modules/cjs/loader:1704:20)
    at Object..js (node:internal/modules/cjs/loader:1895:10)
    at Module.load (node:internal/modules/cjs/loader:1465:32)
    at Function._load (node:internal/modules/cjs/loader:1282:12)
    at TracingChannel.traceSync (node:diagnostics_channel:322:14)
    at wrapModuleLoad (node:internal/modules/cjs/loader:235:24)
    at Module.require (node:internal/modules/cjs/loader:1487:12)
    at require (node:internal/modules/helpers:135:16)
    at exports.init (C:\myKKuTu\KKuTu-master\Server\lib\Game\kkutu.js:61:13):2083 [2026. 1. 6. 오후 9:37:44] ERROR: SyntaxError: Unexpected token '}'
C:\myKKuTu\KKuTu-master\Server\lib\Game\games\classic.js:1226
};
^

SyntaxError: Unexpected token '}'
    at wrapSafe (node:internal/modules/cjs/loader:1662:18)
    at Module._compile (node:internal/modules/cjs/loader:1704:20)
    at Object..js (node:internal/modules/cjs/loader:1895:10)
    at Module.load (node:internal/modules/cjs/loader:1465:32)
    at Function._load (node:internal/modules/cjs/loader:1282:12)
    at TracingChannel.traceSync (node:diagnostics_channel:322:14)
    at wrapModuleLoad (node:internal/modules/cjs/loader:235:24)
    at Module.require (node:internal/modules/cjs/loader:1487:12)
    at require (node:internal/modules/helpers:135:16)
    at exports.init (C:\myKKuTu\KKuTu-master\Server\lib\Game\kkutu.js:61:13):2083 [2026. 1. 6. 오후 9:37:54] ERROR: SyntaxError: Unexpected token '}'
C:\myKKuTu\KKuTu-master\Server\lib\Game\games\classic.js:1226
};
^

SyntaxError: Unexpected token '}'
    at wrapSafe (node:internal/modules/cjs/loader:1662:18)
    at Module._compile (node:internal/modules/cjs/loader:1704:20)
    at Object..js (node:internal/modules/cjs/loader:1895:10)
    at Module.load (node:internal/modules/cjs/loader:1465:32)
    at Function._load (node:internal/modules/cjs/loader:1282:12)
    at TracingChannel.traceSync (node:diagnostics_channel:322:14)
    at wrapModuleLoad (node:internal/modules/cjs/loader:235:24)
    at Module.require (node:internal/modules/cjs/loader:1487:12)
    at require (node:internal/modules/helpers:135:16)
    at exports.init (C:\myKKuTu\KKuTu-master\Server\lib\Game\kkutu.js:61:13):2083 [2026. 1. 6. 오후 9:38:05] ERROR: SyntaxError: Unexpected token '}'
C:\myKKuTu\KKuTu-master\Server\lib\Game\games\classic.js:1226
};
^

SyntaxError: Unexpected token '}'
    at wrapSafe (node:internal/modules/cjs/loader:1662:18)
    at Module._compile (node:internal/modules/cjs/loader:1704:20)
    at Object..js (node:internal/modules/cjs/loader:1895:10)
    at Module.load (node:internal/modules/cjs/loader:1465:32)
    at Function._load (node:internal/modules/cjs/loader:1282:12)
    at TracingChannel.traceSync (node:diagnostics_channel:322:14)
    at wrapModuleLoad (node:internal/modules/cjs/loader:235:24)
    at Module.require (node:internal/modules/cjs/loader:1487:12)
    at require (node:internal/modules/helpers:135:16)
    at exports.init (C:\myKKuTu\KKuTu-master\Server\lib\Game\kkutu.js:61:13):2083 [2026. 1. 6. 오후 9:38:15] ERROR: SyntaxError: Unexpected token '}'
C:\myKKuTu\KKuTu-master\Server\lib\Game\games\classic.js:1226
};
^

SyntaxError: Unexpected token '}'
    at wrapSafe (node:internal/modules/cjs/loader:1662:18)
    at Module._compile (node:internal/modules/cjs/loader:1704:20)
    at Object..js (node:internal/modules/cjs/loader:1895:10)
    at Module.load (node:internal/modules/cjs/loader:1465:32)
    at Function._load (node:internal/modules/cjs/loader:1282:12)
    at TracingChannel.traceSync (node:diagnostics_channel:322:14)
    at wrapModuleLoad (node:internal/modules/cjs/loader:235:24)
    at Module.require (node:internal/modules/cjs/loader:1487:12)
    at require (node:internal/modules/helpers:135:16)
    at exports.init (C:\myKKuTu\KKuTu-master\Server\lib\Game\kkutu.js:61:13):2083 [2026. 1. 6. 오후 9:38:26] ERROR: SyntaxError: Unexpected token '}'
C:\myKKuTu\KKuTu-master\Server\lib\Game\games\classic.js:1226
};
^

SyntaxError: Unexpected token '}'
    at wrapSafe (node:internal/modules/cjs/loader:1662:18)
    at Module._compile (node:internal/modules/cjs/loader:1704:20)
    at Object..js (node:internal/modules/cjs/loader:1895:10)
    at Module.load (node:internal/modules/cjs/loader:1465:32)
    at Function._load (node:internal/modules/cjs/loader:1282:12)
    at TracingChannel.traceSync (node:diagnostics_channel:322:14)
    at wrapModuleLoad (node:internal/modules/cjs/loader:235:24)
    at Module.require (node:internal/modules/cjs/loader:1487:12)
    at require (node:internal/modules/helpers:135:16)
    at exports.init (C:\myKKuTu\KKuTu-master\Server\lib\Game\kkutu.js:61:13):2083 [2026. 1. 6. 오후 9:38:36] ERROR: SyntaxError: Unexpected token '}'
C:\myKKuTu\KKuTu-master\Server\lib\Game\games\classic.js:1226
};
^

SyntaxError: Unexpected token '}'
    at wrapSafe (node:internal/modules/cjs/loader:1662:18)
    at Module._compile (node:internal/modules/cjs/loader:1704:20)
    at Object..js (node:internal/modules/cjs/loader:1895:10)
    at Module.load (node:internal/modules/cjs/loader:1465:32)
    at Function._load (node:internal/modules/cjs/loader:1282:12)
    at TracingChannel.traceSync (node:diagnostics_channel:322:14)
    at wrapModuleLoad (node:internal/modules/cjs/loader:235:24)
    at Module.require (node:internal/modules/cjs/loader:1487:12)
    at require (node:internal/modules/helpers:135:16)
    at exports.init (C:\myKKuTu\KKuTu-master\Server\lib\Game\kkutu.js:61:13):2083 [2026. 1. 6. 오후 9:38:46] ERROR: SyntaxError: Unexpected token '}'
C:\myKKuTu\KKuTu-master\Server\lib\Game\games\classic.js:1226
};
^

SyntaxError: Unexpected token '}'
    at wrapSafe (node:internal/modules/cjs/loader:1662:18)
    at Module._compile (node:internal/modules/cjs/loader:1704:20)
    at Object..js (node:internal/modules/cjs/loader:1895:10)
    at Module.load (node:internal/modules/cjs/loader:1465:32)
    at Function._load (node:internal/modules/cjs/loader:1282:12)
    at TracingChannel.traceSync (node:diagnostics_channel:322:14)
    at wrapModuleLoad (node:internal/modules/cjs/loader:235:24)
    at Module.require (node:internal/modules/cjs/loader:1487:12)
    at require (node:internal/modules/helpers:135:16)
    at exports.init (C:\myKKuTu\KKuTu-master\Server\lib\Game\kkutu.js:61:13):2083 [2026. 1. 6. 오후 9:38:57] ERROR: SyntaxError: Unexpected token '}'
C:\myKKuTu\KKuTu-master\Server\lib\Game\games\classic.js:1226
};
^

SyntaxError: Unexpected token '}'
    at wrapSafe (node:internal/modules/cjs/loader:1662:18)
    at Module._compile (node:internal/modules/cjs/loader:1704:20)
    at Object..js (node:internal/modules/cjs/loader:1895:10)
    at Module.load (node:internal/modules/cjs/loader:1465:32)
    at Function._load (node:internal/modules/cjs/loader:1282:12)
    at TracingChannel.traceSync (node:diagnostics_channel:322:14)
    at wrapModuleLoad (node:internal/modules/cjs/loader:235:24)
    at Module.require (node:internal/modules/cjs/loader:1487:12)
    at require (node:internal/modules/helpers:135:16)
    at exports.init (C:\myKKuTu\KKuTu-master\Server\lib\Game\kkutu.js:61:13):2083 [2026. 1. 6. 오후 9:39:07] ERROR: SyntaxError: Unexpected token '}'
C:\myKKuTu\KKuTu-master\Server\lib\Game\games\classic.js:1226
};
^

SyntaxError: Unexpected token '}'
    at wrapSafe (node:internal/modules/cjs/loader:1662:18)
    at Module._compile (node:internal/modules/cjs/loader:1704:20)
    at Object..js (node:internal/modules/cjs/loader:1895:10)
    at Module.load (node:internal/modules/cjs/loader:1465:32)
    at Function._load (node:internal/modules/cjs/loader:1282:12)
    at TracingChannel.traceSync (node:diagnostics_channel:322:14)
    at wrapModuleLoad (node:internal/modules/cjs/loader:235:24)
    at Module.require (node:internal/modules/cjs/loader:1487:12)
    at require (node:internal/modules/helpers:135:16)
    at exports.init (C:\myKKuTu\KKuTu-master\Server\lib\Game\kkutu.js:61:13):2083 [2026. 1. 6. 오후 9:39:18] ERROR: SyntaxError: Unexpected token '}'
C:\myKKuTu\KKuTu-master\Server\lib\Game\games\classic.js:1226
};
^

SyntaxError: Unexpected token '}'
    at wrapSafe (node:internal/modules/cjs/loader:1662:18)
    at Module._compile (node:internal/modules/cjs/loader:1704:20)
    at Object..js (node:internal/modules/cjs/loader:1895:10)
    at Module.load (node:internal/modules/cjs/loader:1465:32)
    at Function._load (node:internal/modules/cjs/loader:1282:12)
    at TracingChannel.traceSync (node:diagnostics_channel:322:14)
    at wrapModuleLoad (node:internal/modules/cjs/loader:235:24)
    at Module.require (node:internal/modules/cjs/loader:1487:12)
    at require (node:internal/modules/helpers:135:16)
    at exports.init (C:\myKKuTu\KKuTu-master\Server\lib\Game\kkutu.js:61:13):2083 [2026. 1. 6. 오후 9:39:28] ERROR: SyntaxError: Unexpected token '}'
C:\myKKuTu\KKuTu-master\Server\lib\Game\games\classic.js:1226
};
^

SyntaxError: Unexpected token '}'
    at wrapSafe (node:internal/modules/cjs/loader:1662:18)
    at Module._compile (node:internal/modules/cjs/loader:1704:20)
    at Object..js (node:internal/modules/cjs/loader:1895:10)
    at Module.load (node:internal/modules/cjs/loader:1465:32)
    at Function._load (node:internal/modules/cjs/loader:1282:12)
    at TracingChannel.traceSync (node:diagnostics_channel:322:14)
    at wrapModuleLoad (node:internal/modules/cjs/loader:235:24)
    at Module.require (node:internal/modules/cjs/loader:1487:12)
    at require (node:internal/modules/helpers:135:16)
    at exports.init (C:\myKKuTu\KKuTu-master\Server\lib\Game\kkutu.js:61:13):2083 [2026. 1. 6. 오후 9:39:39] ERROR: SyntaxError: Unexpected token ','
C:\myKKuTu\KKuTu-master\Server\lib\Game\games\classic.js:36
const PRIORITY_ATTACK_CHARS = ["??, "??, "釉?, "??, "苡?, "??, "??, "??, "裕?, "??, "??, "??, "??, "??, "??, "??, "??];
                                       ^

SyntaxError: Unexpected token ','
    at wrapSafe (node:internal/modules/cjs/loader:1662:18)
    at Module._compile (node:internal/modules/cjs/loader:1704:20)
    at Object..js (node:internal/modules/cjs/loader:1895:10)
    at Module.load (node:internal/modules/cjs/loader:1465:32)
    at Function._load (node:internal/modules/cjs/loader:1282:12)
    at TracingChannel.traceSync (node:diagnostics_channel:322:14)
    at wrapModuleLoad (node:internal/modules/cjs/loader:235:24)
    at Module.require (node:internal/modules/cjs/loader:1487:12)
    at require (node:internal/modules/helpers:135:16)
    at exports.init (C:\myKKuTu\KKuTu-master\Server\lib\Game\kkutu.js:61:13):2083 [2026. 1. 6. 오후 9:39:49] ERROR: SyntaxError: Unexpected token ','
C:\myKKuTu\KKuTu-master\Server\lib\Game\games\classic.js:36
const PRIORITY_ATTACK_CHARS = ["??, "??, "釉?, "??, "苡?, "??, "??, "??, "裕?, "??, "??, "??, "??, "??, "??, "??, "??];
                                       ^

SyntaxError: Unexpected token ','
    at wrapSafe (node:internal/modules/cjs/loader:1662:18)
    at Module._compile (node:internal/modules/cjs/loader:1704:20)
    at Object..js (node:internal/modules/cjs/loader:1895:10)
    at Module.load (node:internal/modules/cjs/loader:1465:32)
    at Function._load (node:internal/modules/cjs/loader:1282:12)
    at TracingChannel.traceSync (node:diagnostics_channel:322:14)
    at wrapModuleLoad (node:internal/modules/cjs/loader:235:24)
    at Module.require (node:internal/modules/cjs/loader:1487:12)
    at require (node:internal/modules/helpers:135:16)
    at exports.init (C:\myKKuTu\KKuTu-master\Server\lib\Game\kkutu.js:61:13):2083 [2026. 1. 6. 오후 9:40:00] ERROR: SyntaxError: Unexpected token ','
C:\myKKuTu\KKuTu-master\Server\lib\Game\games\classic.js:36
const PRIORITY_ATTACK_CHARS = ["??, "??, "釉?, "??, "苡?, "??, "??, "??, "裕?, "??, "??, "??, "??, "??, "??, "??, "??];
                                       ^

SyntaxError: Unexpected token ','
    at wrapSafe (node:internal/modules/cjs/loader:1662:18)
    at Module._compile (node:internal/modules/cjs/loader:1704:20)
    at Object..js (node:internal/modules/cjs/loader:1895:10)
    at Module.load (node:internal/modules/cjs/loader:1465:32)
    at Function._load (node:internal/modules/cjs/loader:1282:12)
    at TracingChannel.traceSync (node:diagnostics_channel:322:14)
    at wrapModuleLoad (node:internal/modules/cjs/loader:235:24)
    at Module.require (node:internal/modules/cjs/loader:1487:12)
    at require (node:internal/modules/helpers:135:16)
    at exports.init (C:\myKKuTu\KKuTu-master\Server\lib\Game\kkutu.js:61:13):2083 [2026. 1. 6. 오후 9:40:10] ERROR: SyntaxError: Unexpected token '}'
C:\myKKuTu\KKuTu-master\Server\lib\Game\games\classic.js:1310
};
^

SyntaxError: Unexpected token '}'
    at wrapSafe (node:internal/modules/cjs/loader:1662:18)
    at Module._compile (node:internal/modules/cjs/loader:1704:20)
    at Object..js (node:internal/modules/cjs/loader:1895:10)
    at Module.load (node:internal/modules/cjs/loader:1465:32)
    at Function._load (node:internal/modules/cjs/loader:1282:12)
    at TracingChannel.traceSync (node:diagnostics_channel:322:14)
    at wrapModuleLoad (node:internal/modules/cjs/loader:235:24)
    at Module.require (node:internal/modules/cjs/loader:1487:12)
    at require (node:internal/modules/helpers:135:16)
    at exports.init (C:\myKKuTu\KKuTu-master\Server\lib\Game\kkutu.js:61:13):2083 [2026. 1. 6. 오후 9:40:21] ERROR: SyntaxError: Unexpected token '}'
C:\myKKuTu\KKuTu-master\Server\lib\Game\games\classic.js:1310
};
^

SyntaxError: Unexpected token '}'
    at wrapSafe (node:internal/modules/cjs/loader:1662:18)
    at Module._compile (node:internal/modules/cjs/loader:1704:20)
    at Object..js (node:internal/modules/cjs/loader:1895:10)
    at Module.load (node:internal/modules/cjs/loader:1465:32)
    at Function._load (node:internal/modules/cjs/loader:1282:12)
    at TracingChannel.traceSync (node:diagnostics_channel:322:14)
    at wrapModuleLoad (node:internal/modules/cjs/loader:235:24)
    at Module.require (node:internal/modules/cjs/loader:1487:12)
    at require (node:internal/modules/helpers:135:16)
    at exports.init (C:\myKKuTu\KKuTu-master\Server\lib\Game\kkutu.js:61:13):2083 [2026. 1. 6. 오후 9:40:31] ERROR: SyntaxError: Unexpected token '}'
C:\myKKuTu\KKuTu-master\Server\lib\Game\games\classic.js:1310
};
^

SyntaxError: Unexpected token '}'
    at wrapSafe (node:internal/modules/cjs/loader:1662:18)
    at Module._compile (node:internal/modules/cjs/loader:1704:20)
    at Object..js (node:internal/modules/cjs/loader:1895:10)
    at Module.load (node:internal/modules/cjs/loader:1465:32)
    at Function._load (node:internal/modules/cjs/loader:1282:12)
    at TracingChannel.traceSync (node:diagnostics_channel:322:14)
    at wrapModuleLoad (node:internal/modules/cjs/loader:235:24)
    at Module.require (node:internal/modules/cjs/loader:1487:12)
    at require (node:internal/modules/helpers:135:16)
    at exports.init (C:\myKKuTu\KKuTu-master\Server\lib\Game\kkutu.js:61:13):2083 [2026. 1. 6. 오후 9:40:42] ERROR: SyntaxError: Unexpected token '}'
C:\myKKuTu\KKuTu-master\Server\lib\Game\games\classic.js:1310
};
^

SyntaxError: Unexpected token '}'
    at wrapSafe (node:internal/modules/cjs/loader:1662:18)
    at Module._compile (node:internal/modules/cjs/loader:1704:20)
    at Object..js (node:internal/modules/cjs/loader:1895:10)
    at Module.load (node:internal/modules/cjs/loader:1465:32)
    at Function._load (node:internal/modules/cjs/loader:1282:12)
    at TracingChannel.traceSync (node:diagnostics_channel:322:14)
    at wrapModuleLoad (node:internal/modules/cjs/loader:235:24)
    at Module.require (node:internal/modules/cjs/loader:1487:12)
    at require (node:internal/modules/helpers:135:16)
    at exports.init (C:\myKKuTu\KKuTu-master\Server\lib\Game\kkutu.js:61:13):2083 [2026. 1. 6. 오후 9:40:52] ERROR: SyntaxError: Unexpected token '}'
C:\myKKuTu\KKuTu-master\Server\lib\Game\games\classic.js:1310
};
^

SyntaxError: Unexpected token '}'
    at wrapSafe (node:internal/modules/cjs/loader:1662:18)
    at Module._compile (node:internal/modules/cjs/loader:1704:20)
    at Object..js (node:internal/modules/cjs/loader:1895:10)
    at Module.load (node:internal/modules/cjs/loader:1465:32)
    at Function._load (node:internal/modules/cjs/loader:1282:12)
    at TracingChannel.traceSync (node:diagnostics_channel:322:14)
    at wrapModuleLoad (node:internal/modules/cjs/loader:235:24)
    at Module.require (node:internal/modules/cjs/loader:1487:12)
    at require (node:internal/modules/helpers:135:16)
    at exports.init (C:\myKKuTu\KKuTu-master\Server\lib\Game\kkutu.js:61:13):2083 [2026. 1. 6. 오후 9:41:02] ERROR: SyntaxError: Unexpected token '}'
C:\myKKuTu\KKuTu-master\Server\lib\Game\games\classic.js:1310
};
^

SyntaxError: Unexpected token '}'
    at wrapSafe (node:internal/modules/cjs/loader:1662:18)
    at Module._compile (node:internal/modules/cjs/loader:1704:20)
    at Object..js (node:internal/modules/cjs/loader:1895:10)
    at Module.load (node:internal/modules/cjs/loader:1465:32)
    at Function._load (node:internal/modules/cjs/loader:1282:12)
    at TracingChannel.traceSync (node:diagnostics_channel:322:14)
    at wrapModuleLoad (node:internal/modules/cjs/loader:235:24)
    at Module.require (node:internal/modules/cjs/loader:1487:12)
    at require (node:internal/modules/helpers:135:16)
    at exports.init (C:\myKKuTu\KKuTu-master\Server\lib\Game\kkutu.js:61:13):2083 [2026. 1. 6. 오후 9:41:13] ERROR: SyntaxError: Unexpected token '}'
C:\myKKuTu\KKuTu-master\Server\lib\Game\games\classic.js:1310
};
^

SyntaxError: Unexpected token '}'
    at wrapSafe (node:internal/modules/cjs/loader:1662:18)
    at Module._compile (node:internal/modules/cjs/loader:1704:20)
    at Object..js (node:internal/modules/cjs/loader:1895:10)
    at Module.load (node:internal/modules/cjs/loader:1465:32)
    at Function._load (node:internal/modules/cjs/loader:1282:12)
    at TracingChannel.traceSync (node:diagnostics_channel:322:14)
    at wrapModuleLoad (node:internal/modules/cjs/loader:235:24)
    at Module.require (node:internal/modules/cjs/loader:1487:12)
    at require (node:internal/modules/helpers:135:16)
    at exports.init (C:\myKKuTu\KKuTu-master\Server\lib\Game\kkutu.js:61:13):2083 [2026. 1. 6. 오후 9:41:23] ERROR: SyntaxError: Unexpected token '}'
C:\myKKuTu\KKuTu-master\Server\lib\Game\games\classic.js:1310
};
^

SyntaxError: Unexpected token '}'
    at wrapSafe (node:internal/modules/cjs/loader:1662:18)
    at Module._compile (node:internal/modules/cjs/loader:1704:20)
    at Object..js (node:internal/modules/cjs/loader:1895:10)
    at Module.load (node:internal/modules/cjs/loader:1465:32)
    at Function._load (node:internal/modules/cjs/loader:1282:12)
    at TracingChannel.traceSync (node:diagnostics_channel:322:14)
    at wrapModuleLoad (node:internal/modules/cjs/loader:235:24)
    at Module.require (node:internal/modules/cjs/loader:1487:12)
    at require (node:internal/modules/helpers:135:16)
    at exports.init (C:\myKKuTu\KKuTu-master\Server\lib\Game\kkutu.js:61:13):2083 [2026. 1. 6. 오후 9:41:34] ERROR: SyntaxError: Unexpected token '}'
C:\myKKuTu\KKuTu-master\Server\lib\Game\games\classic.js:1310
};
^

SyntaxError: Unexpected token '}'
    at wrapSafe (node:internal/modules/cjs/loader:1662:18)
    at Module._compile (node:internal/modules/cjs/loader:1704:20)
    at Object..js (node:internal/modules/cjs/loader:1895:10)
    at Module.load (node:internal/modules/cjs/loader:1465:32)
    at Function._load (node:internal/modules/cjs/loader:1282:12)
    at TracingChannel.traceSync (node:diagnostics_channel:322:14)
    at wrapModuleLoad (node:internal/modules/cjs/loader:235:24)
    at Module.require (node:internal/modules/cjs/loader:1487:12)
    at require (node:internal/modules/helpers:135:16)
    at exports.init (C:\myKKuTu\KKuTu-master\Server\lib\Game\kkutu.js:61:13):2083 [2026. 1. 6. 오후 9:56:35] ERROR: ReferenceError: $doc is not defined
ReferenceError: $doc is not defined
    at exports.submit (C:\myKKuTu\KKuTu-master\Server\lib\Game\games\classic.js:1214:9)
    at my.route.my.routeSync (C:\myKKuTu\KKuTu-master\Server\lib\Game\kkutu.js:2102:13)
    at my.submit (C:\myKKuTu\KKuTu-master\Server\lib\Game\kkutu.js:2062:13)
    at my.turnRobot [as _onTimeout] (C:\myKKuTu\KKuTu-master\Server\lib\Game\kkutu.js:2037:6)
    at listOnTimeout (node:internal/timers:590:11)
    at process.processTimers (node:internal/timers:523:7):2083 [2026. 1. 6. 오후 10:04:35] ERROR: TypeError: Cannot read properties of undefined (reading 'kkutu')
TypeError: Cannot read properties of undefined (reading 'kkutu')
    at Object.<anonymous> (C:\myKKuTu\KKuTu-master\Server\lib\Game\games\classic.js:1307:4)
    at Module._compile (node:internal/modules/cjs/loader:1730:14)
    at Object..js (node:internal/modules/cjs/loader:1895:10)
    at Module.load (node:internal/modules/cjs/loader:1465:32)
    at Function._load (node:internal/modules/cjs/loader:1282:12)
    at TracingChannel.traceSync (node:diagnostics_channel:322:14)
    at wrapModuleLoad (node:internal/modules/cjs/loader:235:24)
    at Module.require (node:internal/modules/cjs/loader:1487:12)
    at require (node:internal/modules/helpers:135:16)
    at exports.init (C:\myKKuTu\KKuTu-master\Server\lib\Game\kkutu.js:61:13):2083 [2026. 1. 6. 오후 10:04:46] ERROR: TypeError: Cannot read properties of undefined (reading 'kkutu')
TypeError: Cannot read properties of undefined (reading 'kkutu')
    at Object.<anonymous> (C:\myKKuTu\KKuTu-master\Server\lib\Game\games\classic.js:1307:4)
    at Module._compile (node:internal/modules/cjs/loader:1730:14)
    at Object..js (node:internal/modules/cjs/loader:1895:10)
    at Module.load (node:internal/modules/cjs/loader:1465:32)
    at Function._load (node:internal/modules/cjs/loader:1282:12)
    at TracingChannel.traceSync (node:diagnostics_channel:322:14)
    at wrapModuleLoad (node:internal/modules/cjs/loader:235:24)
    at Module.require (node:internal/modules/cjs/loader:1487:12)
    at require (node:internal/modules/helpers:135:16)
    at exports.init (C:\myKKuTu\KKuTu-master\Server\lib\Game\kkutu.js:61:13):2083 [2026. 1. 6. 오후 10:04:56] ERROR: TypeError: Cannot read properties of undefined (reading 'kkutu')
TypeError: Cannot read properties of undefined (reading 'kkutu')
    at Object.<anonymous> (C:\myKKuTu\KKuTu-master\Server\lib\Game\games\classic.js:1307:4)
    at Module._compile (node:internal/modules/cjs/loader:1730:14)
    at Object..js (node:internal/modules/cjs/loader:1895:10)
    at Module.load (node:internal/modules/cjs/loader:1465:32)
    at Function._load (node:internal/modules/cjs/loader:1282:12)
    at TracingChannel.traceSync (node:diagnostics_channel:322:14)
    at wrapModuleLoad (node:internal/modules/cjs/loader:235:24)
    at Module.require (node:internal/modules/cjs/loader:1487:12)
    at require (node:internal/modules/helpers:135:16)
    at exports.init (C:\myKKuTu\KKuTu-master\Server\lib\Game\kkutu.js:61:13):2083 [2026. 1. 6. 오후 10:05:37] ERROR: ReferenceError: $doc is not defined
ReferenceError: $doc is not defined
    at exports.submit (C:\myKKuTu\KKuTu-master\Server\lib\Game\games\classic.js:1214:9)
    at my.route.my.routeSync (C:\myKKuTu\KKuTu-master\Server\lib\Game\kkutu.js:2102:13)
    at my.submit (C:\myKKuTu\KKuTu-master\Server\lib\Game\kkutu.js:2062:13)
    at my.turnRobot [as _onTimeout] (C:\myKKuTu\KKuTu-master\Server\lib\Game\kkutu.js:2037:6)
    at listOnTimeout (node:internal/timers:590:11)
    at process.processTimers (node:internal/timers:523:7):2083 [2026. 1. 6. 오후 10:08:32] ERROR: ReferenceError: approved is not defined
ReferenceError: approved is not defined
    at checkMannerAndProceed (C:\myKKuTu\KKuTu-master\Server\lib\Game\games\classic.js:1124:7)
    at C:\myKKuTu\KKuTu-master\Server\lib\Game\games\classic.js:1166:5
    at exports.Tail.go (C:\myKKuTu\KKuTu-master\Server\lib\sub\lizard.js:43:16)
    at C:\myKKuTu\KKuTu-master\Server\lib\Game\games\classic.js:2469:7
    at callback (C:\myKKuTu\KKuTu-master\Server\lib\sub\collection.js:316:13)
    at Query.preCB (C:\myKKuTu\KKuTu-master\Server\lib\sub\collection.js:298:6)
    at Query.handleReadyForQuery (C:\myKKuTu\KKuTu-master\Server\lib\node_modules\pg\lib\query.js:138:12)
    at Client._handleReadyForQuery (C:\myKKuTu\KKuTu-master\Server\lib\node_modules\pg\lib\client.js:290:19)
    at Connection.emit (node:events:518:28)
    at C:\myKKuTu\KKuTu-master\Server\lib\node_modules\pg\lib\connection.js:114:12:2083 [2026. 1. 6. 오후 10:13:56] ERROR: ReferenceError: linkIdx is not defined
ReferenceError: linkIdx is not defined
    at finalizeTurn (C:\myKKuTu\KKuTu-master\Server\lib\Game\games\classic.js:983:18)
    at finishTurn (C:\myKKuTu\KKuTu-master\Server\lib\Game\games\classic.js:905:7)
    at approved (C:\myKKuTu\KKuTu-master\Server\lib\Game\games\classic.js:885:6)
    at checkMannerAndProceed (C:\myKKuTu\KKuTu-master\Server\lib\Game\games\classic.js:1124:8)
    at C:\myKKuTu\KKuTu-master\Server\lib\Game\games\classic.js:1166:6
    at exports.Tail.go (C:\myKKuTu\KKuTu-master\Server\lib\sub\lizard.js:43:16)
    at C:\myKKuTu\KKuTu-master\Server\lib\Game\games\classic.js:2470:7
    at callback (C:\myKKuTu\KKuTu-master\Server\lib\sub\collection.js:316:13)
    at Query.preCB (C:\myKKuTu\KKuTu-master\Server\lib\sub\collection.js:298:6)
    at Query.handleReadyForQuery (C:\myKKuTu\KKuTu-master\Server\lib\node_modules\pg\lib\query.js:138:12):2083 [2026. 1. 7. 오후 6:30:21] ERROR: TypeError: Cannot read properties of undefined (reading 'length')
TypeError: Cannot read properties of undefined (reading 'length')
    at C:\myKKuTu\KKuTu-master\Server\lib\Game\games\classic.js:2184:25
    at process.processTicksAndRejections (node:internal/process/task_queues:105:5):2083 [2026. 1. 7. 오후 8:03:09] ERROR: TypeError: Cannot read properties of undefined (reading 'replace')
TypeError: Cannot read properties of undefined (reading 'replace')
    at escapeRegExp (C:\myKKuTu\KKuTu-master\Server\lib\Game\games\classic.js:3043:16)
    at exports.Room.getAuto (C:\myKKuTu\KKuTu-master\Server\lib\Game\games\classic.js:2360:8)
    at executeStrategy (C:\myKKuTu\KKuTu-master\Server\lib\Game\games\classic.js:1719:11)
    at C:\myKKuTu\KKuTu-master\Server\lib\Game\games\classic.js:2212:9
    at processList (C:\myKKuTu\KKuTu-master\Server\lib\Game\games\classic.js:1892:9)
    at C:\myKKuTu\KKuTu-master\Server\lib\Game\games\classic.js:2042:9
    at callback (C:\myKKuTu\KKuTu-master\Server\lib\sub\collection.js:316:13)
    at Query.preCB (C:\myKKuTu\KKuTu-master\Server\lib\sub\collection.js:298:6)
    at Query.handleReadyForQuery (C:\myKKuTu\KKuTu-master\Server\lib\node_modules\pg\lib\query.js:138:12)
    at Client._handleReadyForQuery (C:\myKKuTu\KKuTu-master\Server\lib\node_modules\pg\lib\client.js:290:19):2083 [2026. 1. 7. 오후 8:03:18] ERROR: TypeError: Cannot read properties of null (reading 'handleRowDescription')
TypeError: Cannot read properties of null (reading 'handleRowDescription')
    at Client._handleRowDescription (C:\myKKuTu\KKuTu-master\Server\lib\node_modules\pg\lib\client.js:340:22)
    at Connection.emit (node:events:518:28)
    at C:\myKKuTu\KKuTu-master\Server\lib\node_modules\pg\lib\connection.js:114:12
    at Parser.parse (C:\myKKuTu\KKuTu-master\Server\lib\node_modules\pg-protocol\dist\parser.js:40:17)
    at Socket.<anonymous> (C:\myKKuTu\KKuTu-master\Server\lib\node_modules\pg-protocol\dist\index.js:11:42)
    at Socket.emit (node:events:518:28)
    at addChunk (node:internal/streams/readable:561:12)
    at readableAddChunkPushByteMode (node:internal/streams/readable:512:3)
    at Readable.push (node:internal/streams/readable:392:5)
    at TCP.onStreamRead (node:internal/stream_base_commons:189:23):2083 [2026. 1. 12. 오전 2:19:10] ERROR: TypeError: id.slice is not a function
TypeError: id.slice is not a function
    at exports.getLogID (C:\myKKuTu\KKuTu-master\Server\lib\Game\kkutu.js:173:33)
    at my.submit (C:\myKKuTu\KKuTu-master\Server\lib\Game\kkutu.js:2243:31)
    at my.turnRobot [as _onTimeout] (C:\myKKuTu\KKuTu-master\Server\lib\Game\kkutu.js:2217:6)
    at listOnTimeout (node:internal/timers:590:11)
    at process.processTimers (node:internal/timers:523:7):2083 [2026. 1. 12. 오전 3:59:22] ERROR: TypeError: Cannot read properties of undefined (reading 'replace')
TypeError: Cannot read properties of undefined (reading 'replace')
    at escapeRegExp (C:\myKKuTu\KKuTu-master\Server\lib\Game\games\classic.js:3373:16)
    at exports.Room.getAuto (C:\myKKuTu\KKuTu-master\Server\lib\Game\games\classic.js:2631:8)
    at checkNextWord (C:\myKKuTu\KKuTu-master\Server\lib\Game\games\classic.js:1552:13)
    at C:\myKKuTu\KKuTu-master\Server\lib\Game\games\classic.js:1613:5
    at callback (C:\myKKuTu\KKuTu-master\Server\lib\sub\collection.js:316:13)
    at Query.preCB (C:\myKKuTu\KKuTu-master\Server\lib\sub\collection.js:298:6)
    at Query.handleReadyForQuery (C:\myKKuTu\KKuTu-master\Server\lib\node_modules\pg\lib\query.js:138:12)
    at Client._handleReadyForQuery (C:\myKKuTu\KKuTu-master\Server\lib\node_modules\pg\lib\client.js:290:19)
    at Connection.emit (node:events:518:28)
    at C:\myKKuTu\KKuTu-master\Server\lib\node_modules\pg\lib\connection.js:114:12:2083 [2026. 1. 12. 오전 3:59:28] ERROR: TypeError: Cannot read properties of null (reading 'handleRowDescription')
TypeError: Cannot read properties of null (reading 'handleRowDescription')
    at Client._handleRowDescription (C:\myKKuTu\KKuTu-master\Server\lib\node_modules\pg\lib\client.js:340:22)
    at Connection.emit (node:events:518:28)
    at C:\myKKuTu\KKuTu-master\Server\lib\node_modules\pg\lib\connection.js:114:12
    at Parser.parse (C:\myKKuTu\KKuTu-master\Server\lib\node_modules\pg-protocol\dist\parser.js:40:17)
    at Socket.<anonymous> (C:\myKKuTu\KKuTu-master\Server\lib\node_modules\pg-protocol\dist\index.js:11:42)
    at Socket.emit (node:events:518:28)
    at addChunk (node:internal/streams/readable:561:12)
    at readableAddChunkPushByteMode (node:internal/streams/readable:512:3)
    at Readable.push (node:internal/streams/readable:392:5)
    at TCP.onStreamRead (node:internal/stream_base_commons:189:23):2083 [2026. 1. 19. 오후 4:28:31] ERROR: TypeError: Cannot read properties of undefined (reading '$not')
TypeError: Cannot read properties of undefined (reading '$not')
    at wSearch (C:\myKKuTu\KKuTu-master\Server\lib\sub\collection.js:132:18)
    at Array.map (<anonymous>)
    at sqlWhere (C:\myKKuTu\KKuTu-master\Server\lib\sub\collection.js:147:11)
    at pointer.on (C:\myKKuTu\KKuTu-master\Server\lib\sub\collection.js:324:40)
    at exports.Room.getAuto (C:\myKKuTu\KKuTu-master\Server\lib\Game\games\chainbattle.js:193:5)
    at exports.playRobot (C:\myKKuTu\KKuTu-master\Server\lib\Game\games\chainbattle.js:524:10)
    at C:\myKKuTu\KKuTu-master\Server\lib\Game\games\chainbattle.js:346:22
    at exports.Room.traverse (C:\myKKuTu\KKuTu-master\Server\lib\Game\games\chainbattle.js:56:3)
    at exports.turnStart (C:\myKKuTu\KKuTu-master\Server\lib\Game\games\chainbattle.js:343:11)
    at my.route.my.routeSync (C:\myKKuTu\KKuTu-master\Server\lib\Game\kkutu.js:2391:13):2083 [2026. 1. 19. 오후 4:51:08] ERROR: TypeError: Cannot read properties of undefined (reading '$not')
TypeError: Cannot read properties of undefined (reading '$not')
    at wSearch (C:\myKKuTu\KKuTu-master\Server\lib\sub\collection.js:132:18)
    at Array.map (<anonymous>)
    at sqlWhere (C:\myKKuTu\KKuTu-master\Server\lib\sub\collection.js:147:11)
    at pointer.on (C:\myKKuTu\KKuTu-master\Server\lib\sub\collection.js:324:40)
    at exports.Room.getAuto (C:\myKKuTu\KKuTu-master\Server\lib\Game\games\chainbattle.js:196:5)
    at exports.playRobot (C:\myKKuTu\KKuTu-master\Server\lib\Game\games\chainbattle.js:530:10)
    at C:\myKKuTu\KKuTu-master\Server\lib\Game\games\chainbattle.js:349:22
    at exports.Room.traverse (C:\myKKuTu\KKuTu-master\Server\lib\Game\games\chainbattle.js:56:3)
    at exports.turnStart (C:\myKKuTu\KKuTu-master\Server\lib\Game\games\chainbattle.js:346:11)
    at my.route.my.routeSync (C:\myKKuTu\KKuTu-master\Server\lib\Game\kkutu.js:2391:13):2083 [2026. 1. 19. 오후 4:55:50] ERROR: TypeError: Cannot read properties of undefined (reading 'guest__25PZSsRi-LcTGvqO_96vuyN2eKm1vnDL1100429983824')
TypeError: Cannot read properties of undefined (reading 'guest__25PZSsRi-LcTGvqO_96vuyN2eKm1vnDL1100429983824')
    at exports.submit (C:\myKKuTu\KKuTu-master\Server\lib\Game\games\chainbattle.js:383:34)
    at my.route.my.routeSync (C:\myKKuTu\KKuTu-master\Server\lib\Game\kkutu.js:2391:13)
    at my.submit (C:\myKKuTu\KKuTu-master\Server\lib\Game\kkutu.js:2351:13)
    at Timeout._onTimeout (C:\myKKuTu\KKuTu-master\Server\lib\Game\games\chainbattle.js:581:9)
    at listOnTimeout (node:internal/timers:588:17)
    at process.processTimers (node:internal/timers:523:7):2083 [2026. 1. 22. 오전 9:17:38] ERROR: TypeError: query.find is not a function
TypeError: query.find is not a function
    at exports.Room.getQuestion (C:\myKKuTu\KKuTu-master\Server\lib\Game\games\quiz.js:316:17)
    at exports.roundReady (C:\myKKuTu\KKuTu-master\Server\lib\Game\games\quiz.js:87:15)
    at my.route.my.routeSync (C:\myKKuTu\KKuTu-master\Server\lib\Game\kkutu.js:2410:13)
    at my.roundReady [as _onTimeout] (C:\myKKuTu\KKuTu-master\Server\lib\Game\kkutu.js:2082:13)
    at listOnTimeout (node:internal/timers:588:17)
    at process.processTimers (node:internal/timers:523:7):2083 [2026. 1. 23. 오전 1:41:31] ERROR: TypeError: Cannot read properties of undefined (reading 'length')
TypeError: Cannot read properties of undefined (reading 'length')
    at decideStrategy (C:\myKKuTu\KKuTu-master\Server\lib\Game\games\classic.js:1990:120)
    at C:\myKKuTu\KKuTu-master\Server\lib\Game\games\classic.js:1955:6
    at callback (C:\myKKuTu\KKuTu-master\Server\lib\sub\collection.js:316:13)
    at Query.preCB (C:\myKKuTu\KKuTu-master\Server\lib\sub\collection.js:298:6)
    at Query.handleReadyForQuery (C:\myKKuTu\KKuTu-master\Server\lib\node_modules\pg\lib\query.js:138:12)
    at Client._handleReadyForQuery (C:\myKKuTu\KKuTu-master\Server\lib\node_modules\pg\lib\client.js:290:19)
    at Connection.emit (node:events:518:28)
    at C:\myKKuTu\KKuTu-master\Server\lib\node_modules\pg\lib\connection.js:114:12
    at Parser.parse (C:\myKKuTu\KKuTu-master\Server\lib\node_modules\pg-protocol\dist\parser.js:40:17)
    at Socket.<anonymous> (C:\myKKuTu\KKuTu-master\Server\lib\node_modules\pg-protocol\dist\index.js:11:42):2083 [2026. 2. 20. 오후 10:04:53] ERROR: TypeError: Cannot read properties of undefined (reading 'char')
TypeError: Cannot read properties of undefined (reading 'char')
    at approved (C:\myKKuTu\KKuTu-master\Server\lib\Game\games\classic.js:1071:34)
    at preApproved (C:\myKKuTu\KKuTu-master\Server\lib\Game\games\classic.js:1540:9)
    at onDB (C:\myKKuTu\KKuTu-master\Server\lib\Game\games\classic.js:1587:6)
    at callback (C:\myKKuTu\KKuTu-master\Server\lib\sub\collection.js:316:13)
    at preCB (C:\myKKuTu\KKuTu-master\Server\lib\sub\collection.js:298:6)
    at Query.<anonymous> (C:\myKKuTu\KKuTu-master\Server\lib\node_modules\pg-pool\index.js:389:18)
    at Query.handleReadyForQuery (C:\myKKuTu\KKuTu-master\Server\lib\node_modules\pg\lib\query.js:138:12)
    at Client._handleReadyForQuery (C:\myKKuTu\KKuTu-master\Server\lib\node_modules\pg\lib\client.js:290:19)
    at Connection.emit (node:events:518:28)
    at C:\myKKuTu\KKuTu-master\Server\lib\node_modules\pg\lib\connection.js:114:12:2083 [2026. 2. 20. 오후 10:09:06] ERROR: TypeError: Cannot read properties of undefined (reading 'char')
TypeError: Cannot read properties of undefined (reading 'char')
    at approved (C:\myKKuTu\KKuTu-master\Server\lib\Game\games\classic.js:1071:34)
    at preApproved (C:\myKKuTu\KKuTu-master\Server\lib\Game\games\classic.js:1540:9)
    at onDB (C:\myKKuTu\KKuTu-master\Server\lib\Game\games\classic.js:1587:6)
    at callback (C:\myKKuTu\KKuTu-master\Server\lib\sub\collection.js:316:13)
    at preCB (C:\myKKuTu\KKuTu-master\Server\lib\sub\collection.js:298:6)
    at Query.<anonymous> (C:\myKKuTu\KKuTu-master\Server\lib\node_modules\pg-pool\index.js:389:18)
    at Query.handleReadyForQuery (C:\myKKuTu\KKuTu-master\Server\lib\node_modules\pg\lib\query.js:138:12)
    at Client._handleReadyForQuery (C:\myKKuTu\KKuTu-master\Server\lib\node_modules\pg\lib\client.js:290:19)
    at Connection.emit (node:events:518:28)
    at C:\myKKuTu\KKuTu-master\Server\lib\node_modules\pg\lib\connection.js:114:12:2083 [2026. 3. 11. 오후 6:33:02] ERROR: TypeError: Cannot read properties of undefined (reading 'length')
TypeError: Cannot read properties of undefined (reading 'length')
    at exports.Room.getNextTurnLength (C:\myKKuTu\KKuTu-master\Server\lib\Game\games\classic.js:766:23)
    at C:\myKKuTu\KKuTu-master\Server\lib\Game\games\classic.js:3262:37
    at new Promise (<anonymous>)
    at filterManner (C:\myKKuTu\KKuTu-master\Server\lib\Game\games\classic.js:3242:10)
    at C:\myKKuTu\KKuTu-master\Server\lib\Game\games\classic.js:3223:7
    at exports.Tail.go (C:\myKKuTu\KKuTu-master\Server\lib\sub\lizard.js:43:16)
    at aft (C:\myKKuTu\KKuTu-master\Server\lib\Game\games\classic.js:3778:8)
    at C:\myKKuTu\KKuTu-master\Server\lib\Game\games\classic.js:3790:9
    at callback (C:\myKKuTu\KKuTu-master\Server\lib\sub\collection.js:316:13)
    at preCB (C:\myKKuTu\KKuTu-master\Server\lib\sub\collection.js:298:6):2083 [2026. 3. 16. 오후 11:23:37] ERROR: TypeError: Cannot read properties of null (reading 'charCodeAt')
TypeError: Cannot read properties of null (reading 'charCodeAt')
    at exports.getScore (C:\myKKuTu\KKuTu-master\Server\lib\Game\games\classic.js:1947:34)
    at my.route.my.routeSync (C:\myKKuTu\KKuTu-master\Server\lib\Game\kkutu.js:3325:13)
    at my.getScore (C:\myKKuTu\KKuTu-master\Server\lib\Game\kkutu.js:3297:13)
    at approved (C:\myKKuTu\KKuTu-master\Server\lib\Game\games\classic.js:1110:24)
    at preApproved (C:\myKKuTu\KKuTu-master\Server\lib\Game\games\classic.js:1784:9)
    at onDB (C:\myKKuTu\KKuTu-master\Server\lib\Game\games\classic.js:1829:6)
    at callback (C:\myKKuTu\KKuTu-master\Server\lib\sub\collection.js:316:13)
    at preCB (C:\myKKuTu\KKuTu-master\Server\lib\sub\collection.js:298:6)
    at Query.<anonymous> (C:\myKKuTu\KKuTu-master\Server\lib\node_modules\pg-pool\index.js:389:18)
    at Query.handleReadyForQuery (C:\myKKuTu\KKuTu-master\Server\lib\node_modules\pg\lib\query.js:138:12):2083 [2026. 3. 17. 오후 8:19:50] ERROR: TypeError: Cannot read properties of null (reading 'charCodeAt')
TypeError: Cannot read properties of null (reading 'charCodeAt')
    at exports.getScore (C:\myKKuTu\KKuTu-master\Server\lib\Game\games\classic.js:1947:34)
    at my.route.my.routeSync (C:\myKKuTu\KKuTu-master\Server\lib\Game\kkutu.js:3325:13)
    at my.getScore (C:\myKKuTu\KKuTu-master\Server\lib\Game\kkutu.js:3297:13)
    at approved (C:\myKKuTu\KKuTu-master\Server\lib\Game\games\classic.js:1110:24)
    at checkMannerAndProceed (C:\myKKuTu\KKuTu-master\Server\lib\Game\games\classic.js:1744:8)
    at C:\myKKuTu\KKuTu-master\Server\lib\Game\games\classic.js:1781:6
    at exports.Tail.go (C:\myKKuTu\KKuTu-master\Server\lib\sub\lizard.js:43:16)
    at C:\myKKuTu\KKuTu-master\Server\lib\Game\games\classic.js:3748:8
    at callback (C:\myKKuTu\KKuTu-master\Server\lib\sub\collection.js:316:13)
    at preCB (C:\myKKuTu\KKuTu-master\Server\lib\sub\collection.js:298:6):2083 [2026. 3. 17. 오후 8:19:51] ERROR: TypeError: Cannot read properties of null (reading 'handleRowDescription')
TypeError: Cannot read properties of null (reading 'handleRowDescription')
    at Client._handleRowDescription (C:\myKKuTu\KKuTu-master\Server\lib\node_modules\pg\lib\client.js:340:22)
    at Connection.emit (node:events:508:28)
    at C:\myKKuTu\KKuTu-master\Server\lib\node_modules\pg\lib\connection.js:114:12
    at Parser.parse (C:\myKKuTu\KKuTu-master\Server\lib\node_modules\pg-protocol\dist\parser.js:40:17)
    at Socket.<anonymous> (C:\myKKuTu\KKuTu-master\Server\lib\node_modules\pg-protocol\dist\index.js:11:42)
    at Socket.emit (node:events:508:28)
    at addChunk (node:internal/streams/readable:559:12)
    at readableAddChunkPushByteMode (node:internal/streams/readable:510:3)
    at Readable.push (node:internal/streams/readable:390:5)
    at TCP.onStreamRead (node:internal/stream_base_commons:189:23):2083 [2026. 3. 17. 오후 8:19:56] ERROR: TypeError: Cannot read properties of null (reading 'handleRowDescription')
TypeError: Cannot read properties of null (reading 'handleRowDescription')
    at Client._handleRowDescription (C:\myKKuTu\KKuTu-master\Server\lib\node_modules\pg\lib\client.js:340:22)
    at Connection.emit (node:events:508:28)
    at C:\myKKuTu\KKuTu-master\Server\lib\node_modules\pg\lib\connection.js:114:12
    at Parser.parse (C:\myKKuTu\KKuTu-master\Server\lib\node_modules\pg-protocol\dist\parser.js:40:17)
    at Socket.<anonymous> (C:\myKKuTu\KKuTu-master\Server\lib\node_modules\pg-protocol\dist\index.js:11:42)
    at Socket.emit (node:events:508:28)
    at addChunk (node:internal/streams/readable:559:12)
    at readableAddChunkPushByteMode (node:internal/streams/readable:510:3)
    at Readable.push (node:internal/streams/readable:390:5)
    at TCP.onStreamRead (node:internal/stream_base_commons:189:23):2083 [2026. 3. 17. 오후 8:19:56] ERROR: TypeError: Cannot read properties of null (reading 'handleRowDescription')
TypeError: Cannot read properties of null (reading 'handleRowDescription')
    at Client._handleRowDescription (C:\myKKuTu\KKuTu-master\Server\lib\node_modules\pg\lib\client.js:340:22)
    at Connection.emit (node:events:508:28)
    at C:\myKKuTu\KKuTu-master\Server\lib\node_modules\pg\lib\connection.js:114:12
    at Parser.parse (C:\myKKuTu\KKuTu-master\Server\lib\node_modules\pg-protocol\dist\parser.js:40:17)
    at Socket.<anonymous> (C:\myKKuTu\KKuTu-master\Server\lib\node_modules\pg-protocol\dist\index.js:11:42)
    at Socket.emit (node:events:508:28)
    at addChunk (node:internal/streams/readable:559:12)
    at readableAddChunkPushByteMode (node:internal/streams/readable:510:3)
    at Readable.push (node:internal/streams/readable:390:5)
    at TCP.onStreamRead (node:internal/stream_base_commons:189:23):2083 [2026. 3. 17. 오후 8:19:56] ERROR: TypeError: Cannot read properties of null (reading 'handleRowDescription')
TypeError: Cannot read properties of null (reading 'handleRowDescription')
    at Client._handleRowDescription (C:\myKKuTu\KKuTu-master\Server\lib\node_modules\pg\lib\client.js:340:22)
    at Connection.emit (node:events:508:28)
    at C:\myKKuTu\KKuTu-master\Server\lib\node_modules\pg\lib\connection.js:114:12
    at Parser.parse (C:\myKKuTu\KKuTu-master\Server\lib\node_modules\pg-protocol\dist\parser.js:40:17)
    at Socket.<anonymous> (C:\myKKuTu\KKuTu-master\Server\lib\node_modules\pg-protocol\dist\index.js:11:42)
    at Socket.emit (node:events:508:28)
    at addChunk (node:internal/streams/readable:559:12)
    at readableAddChunkPushByteMode (node:internal/streams/readable:510:3)
    at Readable.push (node:internal/streams/readable:390:5)
    at TCP.onStreamRead (node:internal/stream_base_commons:189:23):2053 [2026. 4. 25. 오후 8:42:47] MASTER_ERROR: TypeError: o.getData is not a function
TypeError: o.getData is not a function
    at my.roundEnd (C:\myKKuTu\KKuTu-master\Server\lib\Game\kkutu.js:3000:22)
    at Timeout._onTimeout (C:\myKKuTu\KKuTu-master\Server\lib\Game\kkutu.js:2290:13)
    at listOnTimeout (node:internal/timers:588:17)
    at process.processTimers (node:internal/timers:523:7)
:2083 [2026. 5. 15. 오후 5:34:53] MASTER_ERROR: TypeError: Cannot read properties of undefined (reading '2')
TypeError: Cannot read properties of undefined (reading '2')
    at selectWordForLen (C:\myKKuTu\KKuTu-master\Server\lib\Game\games\raingame.js:144:29)
    at tryPushFromQueue (C:\myKKuTu\KKuTu-master\Server\lib\Game\games\raingame.js:169:13)
    at exports.submit (C:\myKKuTu\KKuTu-master\Server\lib\Game\games\raingame.js:543:2)
    at my.route.my.routeSync (C:\myKKuTu\KKuTu-master\Server\lib\Game\kkutu.js:3610:13)
    at my.submit (C:\myKKuTu\KKuTu-master\Server\lib\Game\kkutu.js:3567:13)
    at Timeout._onTimeout (C:\myKKuTu\KKuTu-master\Server\lib\Game\games\raingame.js:610:7)
    at listOnTimeout (node:internal/timers:588:17)
    at process.processTimers (node:internal/timers:523:7)
:2083 [2026. 5. 17. 오후 11:59:09] MASTER_ERROR: TypeError: my.publish is not a function
TypeError: my.publish is not a function
    at my.calculateNextTurn (C:\myKKuTu\KKuTu-master\Server\lib\Game\kkutu.js:3434:10)
    at my.turnNext [as _onTimeout] (C:\myKKuTu\KKuTu-master\Server\lib\Game\kkutu.js:3549:23)
    at listOnTimeout (node:internal/timers:588:17)
    at process.processTimers (node:internal/timers:523:7)
:2083 [2026. 5. 18. 오전 12:00:36] MASTER_ERROR: TypeError: my.publish is not a function
TypeError: my.publish is not a function
    at my.calculateNextTurn (C:\myKKuTu\KKuTu-master\Server\lib\Game\kkutu.js:3434:10)
    at my.turnNext [as _onTimeout] (C:\myKKuTu\KKuTu-master\Server\lib\Game\kkutu.js:3549:23)
    at listOnTimeout (node:internal/timers:588:17)
    at process.processTimers (node:internal/timers:523:7)
:2083 [2026. 6. 5. 오전 12:41:57] MASTER_ERROR: TypeError: Cannot read properties of undefined (reading 'push')
TypeError: Cannot read properties of undefined (reading 'push')
    at C:\myKKuTu\KKuTu-master\Server\lib\Game\games\classic.js:89:34
    at Array.forEach (<anonymous>)
    at C:\myKKuTu\KKuTu-master\Server\lib\Game\games\classic.js:84:12
    at Query.<anonymous> (C:\myKKuTu\KKuTu-master\Server\lib\node_modules\pg-pool\index.js:389:18)
    at Query.handleReadyForQuery (C:\myKKuTu\KKuTu-master\Server\lib\node_modules\pg\lib\query.js:138:12)
    at Client._handleReadyForQuery (C:\myKKuTu\KKuTu-master\Server\lib\node_modules\pg\lib\client.js:290:19)
    at Connection.emit (node:events:518:28)
    at C:\myKKuTu\KKuTu-master\Server\lib\node_modules\pg\lib\connection.js:114:12
    at Parser.parse (C:\myKKuTu\KKuTu-master\Server\lib\node_modules\pg-protocol\dist\parser.js:40:17)
    at Socket.<anonymous> (C:\myKKuTu\KKuTu-master\Server\lib\node_modules\pg-protocol\dist\index.js:11:42)
:2053 [2026. 6. 5. 오전 12:41:58] MASTER_ERROR: TypeError: Cannot read properties of undefined (reading 'push')
TypeError: Cannot read properties of undefined (reading 'push')
    at C:\myKKuTu\KKuTu-master\Server\lib\Game\games\classic.js:89:34
    at Array.forEach (<anonymous>)
    at C:\myKKuTu\KKuTu-master\Server\lib\Game\games\classic.js:84:12
    at Query.<anonymous> (C:\myKKuTu\KKuTu-master\Server\lib\node_modules\pg-pool\index.js:389:18)
    at Query.handleReadyForQuery (C:\myKKuTu\KKuTu-master\Server\lib\node_modules\pg\lib\query.js:138:12)
    at Client._handleReadyForQuery (C:\myKKuTu\KKuTu-master\Server\lib\node_modules\pg\lib\client.js:290:19)
    at Connection.emit (node:events:518:28)
    at C:\myKKuTu\KKuTu-master\Server\lib\node_modules\pg\lib\connection.js:114:12
    at Parser.parse (C:\myKKuTu\KKuTu-master\Server\lib\node_modules\pg-protocol\dist\parser.js:40:17)
    at Socket.<anonymous> (C:\myKKuTu\KKuTu-master\Server\lib\node_modules\pg-protocol\dist\index.js:11:42)
:2053 [2026. 6. 24. 오후 8:31:27] MASTER_ERROR: TypeError: _bot.chat is not a function
TypeError: _bot.chat is not a function
    at Timeout._onTimeout (C:\myKKuTu\KKuTu-master\Server\lib\Game\kkutu.js:2197:55)
    at listOnTimeout (node:internal/timers:605:17)
    at process.processTimers (node:internal/timers:541:7)
:2083 [2026. 6. 28. 오후 5:42:49] MASTER_ERROR: TypeError: exports.publish is not a function
TypeError: exports.publish is not a function
    at Room.my.export (C:\myKKuTu\KKuTu-master\Server\lib\Game\room.js:2105:12)
    at Room.my.come (C:\myKKuTu\KKuTu-master\Server\lib\Game\room.js:760:13)
    at my.enter (C:\myKKuTu\KKuTu-master\Server\lib\Game\kkutu.js:1201:15)
    at C:\myKKuTu\KKuTu-master\Server\lib\Game\slave.js:252:16
    at exports.Tail.then (C:\myKKuTu\KKuTu-master\Server\lib\sub\lizard.js:50:8)
    at proceedAfterIpCheck (C:\myKKuTu\KKuTu-master\Server\lib\Game\slave.js:246:22)
    at C:\myKKuTu\KKuTu-master\Server\lib\Game\slave.js:292:9
    at callback (C:\myKKuTu\KKuTu-master\Server\lib\sub\collection.js:318:13)
    at preCB (C:\myKKuTu\KKuTu-master\Server\lib\sub\collection.js:300:6)
    at Query.<anonymous> (C:\myKKuTu\KKuTu-master\Server\lib\node_modules\pg-pool\index.js:389:18)
:2083 [2026. 6. 28. 오후 5:43:12] MASTER_ERROR: TypeError: exports.publish is not a function
TypeError: exports.publish is not a function
    at Room.my.export (C:\myKKuTu\KKuTu-master\Server\lib\Game\room.js:2105:12)
    at Room.my.come (C:\myKKuTu\KKuTu-master\Server\lib\Game\room.js:760:13)
    at my.enter (C:\myKKuTu\KKuTu-master\Server\lib\Game\kkutu.js:1201:15)
    at C:\myKKuTu\KKuTu-master\Server\lib\Game\slave.js:252:16
    at exports.Tail.then (C:\myKKuTu\KKuTu-master\Server\lib\sub\lizard.js:50:8)
    at proceedAfterIpCheck (C:\myKKuTu\KKuTu-master\Server\lib\Game\slave.js:246:22)
    at C:\myKKuTu\KKuTu-master\Server\lib\Game\slave.js:292:9
    at callback (C:\myKKuTu\KKuTu-master\Server\lib\sub\collection.js:318:13)
    at preCB (C:\myKKuTu\KKuTu-master\Server\lib\sub\collection.js:300:6)
    at Query.<anonymous> (C:\myKKuTu\KKuTu-master\Server\lib\node_modules\pg-pool\index.js:389:18)
:2083 [2026. 6. 28. 오후 5:51:15] MASTER_ERROR: ReferenceError: _eventMults is not defined
ReferenceError: _eventMults is not defined
    at Room.my.roundEnd (C:\myKKuTu\KKuTu-master\Server\lib\Game\room.js:1902:44)
    at Timeout._onTimeout (C:\myKKuTu\KKuTu-master\Server\lib\Game\kkutu.js:640:13)
    at listOnTimeout (node:internal/timers:588:17)
    at process.processTimers (node:internal/timers:523:7)
:2083 [2026. 6. 28. 오후 5:52:14] MASTER_ERROR: ReferenceError: _eventMults is not defined
ReferenceError: _eventMults is not defined
    at Room.my.roundEnd (C:\myKKuTu\KKuTu-master\Server\lib\Game\room.js:1902:44)
    at exports.roundReady (C:\myKKuTu\KKuTu-master\Server\lib\Game\games\classic.js:443:6)
    at Room.my.route.my.routeSync (C:\myKKuTu\KKuTu-master\Server\lib\Game\room.js:2613:13)
    at Room.my.roundReady (C:\myKKuTu\KKuTu-master\Server\lib\Game\room.js:1613:13)
    at listOnTimeout (node:internal/timers:588:17)
    at process.processTimers (node:internal/timers:523:7)
:2083 [2026. 6. 28. 오후 5:53:11] MASTER_ERROR: ReferenceError: _eventMults is not defined
ReferenceError: _eventMults is not defined
    at Room.my.roundEnd (C:\myKKuTu\KKuTu-master\Server\lib\Game\room.js:1902:44)
    at exports.roundReady (C:\myKKuTu\KKuTu-master\Server\lib\Game\games\typing.js:214:6)
    at Room.my.route.my.routeSync (C:\myKKuTu\KKuTu-master\Server\lib\Game\room.js:2613:13)
    at Room.my.roundReady (C:\myKKuTu\KKuTu-master\Server\lib\Game\room.js:1613:13)
    at listOnTimeout (node:internal/timers:588:17)
    at process.processTimers (node:internal/timers:523:7)
:2083 [2026. 6. 28. 오후 5:57:56] MASTER_ERROR: TypeError: Cannot read properties of undefined (reading 'expmul')
TypeError: Cannot read properties of undefined (reading 'expmul')
    at Room.my.roundEnd (C:\myKKuTu\KKuTu-master\Server\lib\Game\room.js:1904:48)
    at exports.roundReady (C:\myKKuTu\KKuTu-master\Server\lib\Game\games\classic.js:443:6)
    at Room.my.route.my.routeSync (C:\myKKuTu\KKuTu-master\Server\lib\Game\room.js:2615:13)
    at Room.my.roundReady (C:\myKKuTu\KKuTu-master\Server\lib\Game\room.js:1614:13)
    at listOnTimeout (node:internal/timers:588:17)
    at process.processTimers (node:internal/timers:523:7)
:2083 [2026. 6. 28. 오후 5:58:53] MASTER_ERROR: TypeError: Cannot read properties of undefined (reading 'expmul')
TypeError: Cannot read properties of undefined (reading 'expmul')
    at Room.my.roundEnd (C:\myKKuTu\KKuTu-master\Server\lib\Game\room.js:1904:48)
    at exports.roundReady (C:\myKKuTu\KKuTu-master\Server\lib\Game\games\classic.js:443:6)
    at Room.my.route.my.routeSync (C:\myKKuTu\KKuTu-master\Server\lib\Game\room.js:2615:13)
    at Room.my.roundReady (C:\myKKuTu\KKuTu-master\Server\lib\Game\room.js:1614:13)
    at listOnTimeout (node:internal/timers:588:17)
    at process.processTimers (node:internal/timers:523:7)
:2083 [2026. 6. 28. 오후 5:59:49] MASTER_ERROR: ReferenceError: aiNameCacheSingle is not defined
ReferenceError: aiNameCacheSingle is not defined
    at Room.my.addAI (C:\myKKuTu\KKuTu-master\Server\lib\Game\room.js:566:16)
    at KKuTu.onClientMessage (C:\myKKuTu\KKuTu-master\Server\lib\Game\slave.js:525:24)
    at WebSocket.<anonymous> (C:\myKKuTu\KKuTu-master\Server\lib\Game\kkutu.js:842:11)
    at WebSocket.emit (node:events:518:28)
    at _receiver.onmessage (C:\myKKuTu\KKuTu-master\Server\lib\node_modules\ws\lib\WebSocket.js:141:47)
    at Receiver.dataMessage (C:\myKKuTu\KKuTu-master\Server\lib\node_modules\ws\lib\Receiver.js:389:14)
    at Receiver.getData (C:\myKKuTu\KKuTu-master\Server\lib\node_modules\ws\lib\Receiver.js:330:12)
    at Receiver.startLoop (C:\myKKuTu\KKuTu-master\Server\lib\node_modules\ws\lib\Receiver.js:165:16)
    at Receiver.add (C:\myKKuTu\KKuTu-master\Server\lib\node_modules\ws\lib\Receiver.js:139:10)
    at TLSSocket.<anonymous> (C:\myKKuTu\KKuTu-master\Server\lib\node_modules\ws\lib\WebSocket.js:138:22)
:2083 [2026. 6. 28. 오후 5:59:59] MASTER_ERROR: ReferenceError: aiNameCacheFirst is not defined
ReferenceError: aiNameCacheFirst is not defined
    at Room.my.addAI (C:\myKKuTu\KKuTu-master\Server\lib\Game\room.js:592:14)
    at KKuTu.onClientMessage (C:\myKKuTu\KKuTu-master\Server\lib\Game\slave.js:525:24)
    at WebSocket.<anonymous> (C:\myKKuTu\KKuTu-master\Server\lib\Game\kkutu.js:842:11)
    at WebSocket.emit (node:events:518:28)
    at _receiver.onmessage (C:\myKKuTu\KKuTu-master\Server\lib\node_modules\ws\lib\WebSocket.js:141:47)
    at Receiver.dataMessage (C:\myKKuTu\KKuTu-master\Server\lib\node_modules\ws\lib\Receiver.js:389:14)
    at Receiver.getData (C:\myKKuTu\KKuTu-master\Server\lib\node_modules\ws\lib\Receiver.js:330:12)
    at Receiver.startLoop (C:\myKKuTu\KKuTu-master\Server\lib\node_modules\ws\lib\Receiver.js:165:16)
    at Receiver.add (C:\myKKuTu\KKuTu-master\Server\lib\node_modules\ws\lib\Receiver.js:139:10)
    at TLSSocket.<anonymous> (C:\myKKuTu\KKuTu-master\Server\lib\node_modules\ws\lib\WebSocket.js:138:22)
:2083 [2026. 6. 28. 오후 6:03:07] MASTER_ERROR: TypeError: Cannot read properties of undefined (reading 'expmul')
TypeError: Cannot read properties of undefined (reading 'expmul')
    at Room.my.roundEnd (C:\myKKuTu\KKuTu-master\Server\lib\Game\room.js:1904:48)
    at Timeout._onTimeout (C:\myKKuTu\KKuTu-master\Server\lib\Game\kkutu.js:640:13)
    at listOnTimeout (node:internal/timers:588:17)
    at process.processTimers (node:internal/timers:523:7)
:2083 [2026. 6. 28. 오후 6:03:26] MASTER_ERROR: ReferenceError: aiNameCacheRefilling is not defined
ReferenceError: aiNameCacheRefilling is not defined
    at refillAiNameCache (C:\myKKuTu\KKuTu-master\Server\lib\Game\kkutu.js:295:2)
    at exports.init (C:\myKKuTu\KKuTu-master\Server\lib\Game\kkutu.js:226:2)
    at MainDB.ready (C:\myKKuTu\KKuTu-master\Server\lib\Game\slave.js:176:9)
    at PendingItem.callback (C:\myKKuTu\KKuTu-master\Server\lib\Web\db.js:104:31)
    at BoundPool._acquireClient (C:\myKKuTu\KKuTu-master\Server\lib\node_modules\pg-pool\index.js:279:21)
    at Client._connectionCallback (C:\myKKuTu\KKuTu-master\Server\lib\node_modules\pg-pool\index.js:251:21)
    at Client._handleReadyForQuery (C:\myKKuTu\KKuTu-master\Server\lib\node_modules\pg\lib\client.js:279:14)
    at Connection.emit (node:events:518:28)
    at C:\myKKuTu\KKuTu-master\Server\lib\node_modules\pg\lib\connection.js:114:12
    at Parser.parse (C:\myKKuTu\KKuTu-master\Server\lib\node_modules\pg-protocol\dist\parser.js:40:17)
:2053 [2026. 6. 28. 오후 6:03:26] MASTER_ERROR: Error: read ECONNRESET
Error: read ECONNRESET
    at TLSWrap.onStreamRead (node:internal/stream_base_commons:216:20)
:2053 [2026. 6. 28. 오후 6:03:27] MASTER_ERROR: Error: write EMFILE
Error: write EMFILE
    at target._send (node:internal/child_process:877:20)
    at target.send (node:internal/child_process:751:19)
    at sendHelper (node:internal/cluster/utils:28:15)
    at send (node:internal/cluster/primary:347:10)
    at node:internal/cluster/primary:313:5
    at SharedHandle.add (node:internal/cluster/shared_handle:34:3)
    at queryServer (node:internal/cluster/primary:307:10)
    at Worker.onmessage (node:internal/cluster/primary:254:5)
    at ChildProcess.onInternalMessage (node:internal/cluster/utils:49:5)
    at ChildProcess.emit (node:events:530:35)
:2083 [2026. 7. 8. 오후 2:21:22] MASTER_ERROR: TypeError: Cannot read properties of undefined (reading 'add')
TypeError: Cannot read properties of undefined (reading 'add')
    at C:\myKKuTu\KKuTu-master\Server\lib\Game\games\picture.js:689:30
    at callback (C:\myKKuTu\KKuTu-master\Server\lib\sub\collection.js:318:13)
    at preCB (C:\myKKuTu\KKuTu-master\Server\lib\sub\collection.js:300:6)
    at Query.<anonymous> (C:\myKKuTu\KKuTu-master\Server\lib\node_modules\pg-pool\index.js:389:18)
    at Query.handleReadyForQuery (C:\myKKuTu\KKuTu-master\Server\lib\node_modules\pg\lib\query.js:138:12)
    at Client._handleReadyForQuery (C:\myKKuTu\KKuTu-master\Server\lib\node_modules\pg\lib\client.js:290:19)
    at Connection.emit (node:events:508:28)
    at C:\myKKuTu\KKuTu-master\Server\lib\node_modules\pg\lib\connection.js:114:12
    at Parser.parse (C:\myKKuTu\KKuTu-master\Server\lib\node_modules\pg-protocol\dist\parser.js:40:17)
    at Socket.<anonymous> (C:\myKKuTu\KKuTu-master\Server\lib\node_modules\pg-protocol\dist\index.js:11:42)
:2083 [2026. 7. 10. 오후 5:21:42] MASTER_ERROR: ReferenceError: checkSwearWords is not defined
ReferenceError: checkSwearWords is not defined
    at C:\myKKuTu\KKuTu-master\Server\lib\Game\games\classic-bot.js:781:29
    at Array.filter (<anonymous>)
    at C:\myKKuTu\KKuTu-master\Server\lib\Game\games\classic-bot.js:763:17
    at exports.Tail.go (C:\myKKuTu\KKuTu-master\Server\lib\sub\lizard.js:43:16)
    at aft (C:\myKKuTu\KKuTu-master\Server\lib\Game\games\classic-util.js:635:8)
    at C:\myKKuTu\KKuTu-master\Server\lib\Game\games\classic-util.js:664:23
    at callback (C:\myKKuTu\KKuTu-master\Server\lib\sub\collection.js:318:13)
    at preCB (C:\myKKuTu\KKuTu-master\Server\lib\sub\collection.js:300:6)
    at Query.<anonymous> (C:\myKKuTu\KKuTu-master\Server\lib\node_modules\pg-pool\index.js:389:18)
    at Query.handleReadyForQuery (C:\myKKuTu\KKuTu-master\Server\lib\node_modules\pg\lib\query.js:138:12)
:2083 [2026. 7. 10. 오후 9:53:19] MASTER_ERROR: ReferenceError: censorSwearWords is not defined
ReferenceError: censorSwearWords is not defined
    at Room.my.submit (C:\myKKuTu\KKuTu-master\Server\lib\Game\room.js:2489:11)
    at KKuTu.onClientMessage (C:\myKKuTu\KKuTu-master\Server\lib\Game\slave.js:357:16)
    at WebSocket.<anonymous> (C:\myKKuTu\KKuTu-master\Server\lib\Game\kkutu.js:780:11)
    at WebSocket.emit (node:events:508:28)
    at _receiver.onmessage (C:\myKKuTu\KKuTu-master\Server\lib\node_modules\ws\lib\WebSocket.js:141:47)
    at Receiver.dataMessage (C:\myKKuTu\KKuTu-master\Server\lib\node_modules\ws\lib\Receiver.js:389:14)
    at Receiver.getData (C:\myKKuTu\KKuTu-master\Server\lib\node_modules\ws\lib\Receiver.js:330:12)
    at Receiver.startLoop (C:\myKKuTu\KKuTu-master\Server\lib\node_modules\ws\lib\Receiver.js:165:16)
    at Receiver.add (C:\myKKuTu\KKuTu-master\Server\lib\node_modules\ws\lib\Receiver.js:139:10)
    at TLSSocket.<anonymous> (C:\myKKuTu\KKuTu-master\Server\lib\node_modules\ws\lib\WebSocket.js:138:22)
<<<<<<< HEAD
:2053 [2026. 8. 5. 오후 10:36:16] MASTER_ERROR: TypeError: _bot.chat is not a function
TypeError: _bot.chat is not a function
    at Timeout._onTimeout (C:\myKKuTu\KKuTu-master\Server\lib\Game\room.js:699:55)
    at listOnTimeout (node:internal/timers:605:17)
    at process.processTimers (node:internal/timers:541:7)
:2053 [2026. 8. 5. 오후 10:44:51] MASTER_ERROR: TypeError: _bot.chat is not a function
TypeError: _bot.chat is not a function
    at Timeout._onTimeout (C:\myKKuTu\KKuTu-master\Server\lib\Game\room.js:699:55)
    at listOnTimeout (node:internal/timers:605:17)
    at process.processTimers (node:internal/timers:541:7)
:2053 [2026. 8. 5. 오후 10:44:51] MASTER_ERROR: TypeError: _bot.chat is not a function
TypeError: _bot.chat is not a function
    at Timeout._onTimeout (C:\myKKuTu\KKuTu-master\Server\lib\Game\room.js:699:55)
    at listOnTimeout (node:internal/timers:605:17)
    at process.processTimers (node:internal/timers:541:7)
=======
:2083 [2026. 8. 5. 오전 10:51:11] WS_SERVER_ERROR: Error: bind EADDRINUSE null:2083
    at listenOnPrimaryHandle (node:net:2021:18)
    at shared (node:internal/cluster/child:157:3)
    at Worker.<anonymous> (node:internal/cluster/child:110:7)
    at process.onInternalMessage (node:internal/cluster/utils:49:5)
    at process.emit (node:events:530:35)
    at emit (node:internal/child_process:949:14)
    at process.processTicksAndRejections (node:internal/process/task_queues:91:21)
:2053 [2026. 8. 5. 오전 10:51:11] MASTER_ERROR: Error: read ECONNRESET
Error: read ECONNRESET
    at TLSWrap.onStreamRead (node:internal/stream_base_commons:216:20)
>>>>>>> f016b0338ff5e29e15bbe810e3d097482a57ed58
<<<<<<< HEAD
:2083 [2026. 8. 26. 오후 9:04:36] MASTER_ERROR: TypeError: Converting circular structure to JSON
    --> starting at object with constructor 'Timeout'
    |     property '_idlePrev' -> object with constructor 'TimersList'
    --- property '_idleNext' closes the circle
TypeError: Converting circular structure to JSON
    --> starting at object with constructor 'Timeout'
    |     property '_idlePrev' -> object with constructor 'TimersList'
    --- property '_idleNext' closes the circle
    at stringify (<anonymous>)
    at writeChannelMessage (node:internal/child_process/serialization:164:20)
    at target._send (node:internal/child_process:851:17)
    at target.send (node:internal/child_process:751:19)
    at exports.publish (C:\myKKuTu\KKuTu-master\Server\lib\Game\kkutu.js:400:12)
    at Room.my.export (C:\myKKuTu\KKuTu-master\Server\lib\Game\room.js:2159:4)
    at Room.my.spectate (C:\myKKuTu\KKuTu-master\Server\lib\Game\room.js:730:13)
    at my.enter (C:\myKKuTu\KKuTu-master\Server\lib\Game\kkutu.js:1185:20)
    at C:\myKKuTu\KKuTu-master\Server\lib\Game\slave.js:255:16
    at exports.Tail.go (C:\myKKuTu\KKuTu-master\Server\lib\sub\lizard.js:43:16)
=======
:2083 [2026. 8. 25. 오전 3:59:05] MASTER_ERROR: TypeError: Cannot read properties of undefined (reading 'length')
TypeError: Cannot read properties of undefined (reading 'length')
    at Room.getSubChar (C:\myKKuTu\KKuTu-master\Server\lib\Game\games\classic-util.js:1038:11)
    at exports.roundReady (C:\myKKuTu\KKuTu-master\Server\lib\Game\games\classic.js:410:32)
    at Room.my.route.my.routeSync (C:\myKKuTu\KKuTu-master\Server\lib\Game\room.js:2632:13)
    at Room.my.roundReady (C:\myKKuTu\KKuTu-master\Server\lib\Game\room.js:1559:13)
    at listOnTimeout (node:internal/timers:588:17)
    at process.processTimers (node:internal/timers:523:7)
:2083 [2026. 8. 25. 오전 4:12:15] MASTER_ERROR: TypeError: Cannot read properties of undefined (reading 'length')
TypeError: Cannot read properties of undefined (reading 'length')
    at Room.getSubChar (C:\myKKuTu\KKuTu-master\Server\lib\Game\games\classic-util.js:1043:11)
    at exports.roundReady (C:\myKKuTu\KKuTu-master\Server\lib\Game\games\classic.js:410:32)
    at Room.my.route.my.routeSync (C:\myKKuTu\KKuTu-master\Server\lib\Game\room.js:2632:13)
    at Room.my.roundReady (C:\myKKuTu\KKuTu-master\Server\lib\Game\room.js:1559:13)
    at listOnTimeout (node:internal/timers:588:17)
    at process.processTimers (node:internal/timers:523:7)
>>>>>>> 253cacab4a5dcbc01d86c9e7f53317eeebb192d2
